task_id,task_type,machine_id,operator_id,location,priority,scheduled_start,estimated_time_min,predicted_time_min,actual_time_min,load_cycles,distance,weather,operator_skill,machine_age,status
T0001,Earth Excavation,COM048,OP071,Site Delta - Highway Interchange,Medium,2026-07-25 13:27:47,60.0,71.4,71.8,22,3.25,Cloudy,Beginner,3.9,Completed
T0002,Material Loading,EXC019,OP078,Site Gamma - River Basin Basin Prep,Medium,2026-07-25 14:09:47,45.0,55.2,55.7,24,2.22,Sunny,Beginner,4.5,Completed
T0003,Compaction,GRA022,OP027,Site Alpha - Sector 4 Foundation,High,2026-07-25 14:51:47,50.0,56.4,49.8,21,2.94,Sunny,Beginner,0.8,Completed
T0004,Demolition,WHE032,OP033,Site Beta - East Trenching Zone,Low,2026-07-25 15:33:47,110.0,136.8,122.8,23,3.87,Rainy,Intermediate,0.7,Completed
T0005,Earth Excavation,DUM041,OP055,Site Alpha - Sector 4 Foundation,High,2026-07-25 16:15:47,60.0,57.6,58.2,18,3.54,Cloudy,Expert,3.2,Completed
T0006,Earth Excavation,EXC001,OP043,Site Alpha - Sector 4 Foundation,Medium,2026-07-25 16:57:47,60.0,79.9,84.6,20,3.77,Storm,Expert,2.4,Completed
T0007,Compaction,DUM017,OP021,Site Alpha - Sector 1 Quarry,Critical,2026-07-25 17:39:47,50.0,50.5,49.1,22,1.4,Sunny,Intermediate,1.7,Completed
T0008,Demolition,GRA046,OP055,Site Gamma - River Basin Basin Prep,Low,2026-07-25 18:21:47,110.0,90.9,88.5,11,1.45,Sunny,Expert,0.6,Completed
T0009,Earth Excavation,DUM005,OP089,Site Beta - North Overpass,Medium,2026-07-25 19:03:47,60.0,76.2,78.5,10,2.78,Windy,Intermediate,10.8,Completed
T0010,Demolition,DOZ003,OP048,Site Alpha - Sector 4 Foundation,Medium,2026-07-25 19:45:47,110.0,130.0,129.5,20,2.1,Sunny,Beginner,2.4,Completed
T0011,Grading,DOZ009,OP006,Site Beta - East Trenching Zone,High,2026-07-25 20:27:47,90.0,81.4,80.7,17,3.68,Cloudy,Expert,2.8,Completed
T0012,Material Loading,DOZ003,OP046,Site Alpha - Sector 4 Foundation,Medium,2026-07-25 21:09:47,45.0,43.8,41.8,17,4.16,Windy,Expert,2.4,Completed
T0013,Compaction,GRA016,OP086,Site Delta - Highway Interchange,Low,2026-07-25 21:51:47,50.0,56.6,58.0,19,0.58,Windy,Intermediate,3.2,Completed
T0014,Material Loading,WHE050,OP072,Site Alpha - Sector 1 Quarry,Critical,2026-07-25 22:33:47,45.0,50.5,53.8,29,2.51,Cloudy,Intermediate,5.4,Completed
T0015,Demolition,COM048,OP020,Site Delta - Highway Interchange,Medium,2026-07-25 23:15:47,110.0,102.2,96.6,17,4.09,Cloudy,Expert,3.9,Completed
T0016,Hauling,DUM011,OP023,Site Delta - Highway Interchange,Critical,2026-07-25 23:57:47,40.0,52.0,52.0,25,3.4,Windy,Beginner,0.6,Completed
T0017,Earth Excavation,COM012,OP095,Site Alpha - Sector 4 Foundation,High,2026-07-26 00:39:47,60.0,74.6,87.8,26,2.96,Windy,Beginner,1.6,Completed
T0018,Hauling,DOZ027,OP086,Site Gamma - River Basin Basin Prep,Medium,2026-07-26 01:21:47,40.0,39.3,47.9,10,3.96,Sunny,Intermediate,4.3,Completed
T0019,Material Loading,DUM011,OP090,Site Delta - Highway Interchange,Low,2026-07-26 02:03:47,45.0,41.0,40.7,12,3.03,Sunny,Expert,0.6,Completed
T0020,Grading,DOZ003,OP061,Site Alpha - Sector 4 Foundation,Medium,2026-07-26 02:45:47,90.0,86.3,94.2,21,2.99,Sunny,Intermediate,2.4,Completed
T0021,Trenching,COM030,OP045,Site Beta - East Trenching Zone,High,2026-07-26 03:27:47,75.0,97.3,99.7,17,2.16,Cloudy,Beginner,3.2,Completed
T0022,Hauling,DOZ015,OP029,Site Delta - Highway Interchange,Low,2026-07-26 04:09:47,40.0,56.4,55.6,21,0.83,Storm,Expert,2.7,Completed
T0023,Compaction,EXC013,OP052,Site Beta - East Trenching Zone,High,2026-07-26 04:51:47,50.0,53.7,54.5,21,1.49,Sunny,Intermediate,3.2,Completed
T0024,Material Loading,DUM005,OP099,Site Beta - North Overpass,High,2026-07-26 05:33:47,45.0,61.6,59.8,8,1.33,Sunny,Beginner,10.8,Completed
T0025,Material Loading,COM042,OP066,Site Alpha - Sector 1 Quarry,Critical,2026-07-26 06:15:47,45.0,44.8,46.2,9,3.15,Cloudy,Intermediate,0.7,Completed
T0026,Compaction,DUM035,OP043,Site Beta - North Overpass,Low,2026-07-26 06:57:47,50.0,45.4,39.6,15,3.07,Sunny,Expert,3.2,Completed
T0027,Earth Excavation,DUM017,OP023,Site Alpha - Sector 1 Quarry,High,2026-07-26 07:39:47,60.0,67.5,64.0,13,0.61,Sunny,Beginner,1.7,Completed
T0028,Earth Excavation,EXC007,OP077,Site Alpha - Sector 4 Foundation,Critical,2026-07-26 08:21:47,60.0,81.6,84.2,27,0.65,Storm,Expert,3.2,Completed
T0029,Material Loading,DUM047,OP041,Site Delta - Highway Interchange,Critical,2026-07-26 09:03:47,45.0,46.0,43.4,22,1.22,Sunny,Expert,10.4,Completed
T0030,Demolition,DOZ033,OP015,Site Beta - East Trenching Zone,Critical,2026-07-26 09:45:47,110.0,115.3,100.6,23,0.41,Cloudy,Intermediate,3.2,Completed
T0031,Demolition,EXC013,OP033,Site Beta - East Trenching Zone,Low,2026-07-26 10:27:47,110.0,112.8,120.5,26,1.02,Sunny,Intermediate,3.2,Completed
T0032,Compaction,GRA028,OP001,Site Gamma - River Basin Basin Prep,Medium,2026-07-26 11:09:47,50.0,48.7,49.5,13,1.45,Cloudy,Expert,4.8,Completed
T0033,Material Loading,GRA028,OP009,Site Gamma - River Basin Basin Prep,High,2026-07-26 11:51:47,45.0,56.6,54.5,19,3.61,Cloudy,Beginner,4.8,Completed
T0034,Demolition,DOZ021,OP085,Site Gamma - River Basin Basin Prep,Low,2026-07-26 12:33:47,110.0,103.3,108.9,28,1.82,Sunny,Intermediate,1.4,Completed
T0035,Compaction,WHE020,OP065,Site Alpha - Sector 4 Foundation,High,2026-07-26 13:15:47,50.0,75.7,78.9,11,3.98,Rainy,Beginner,3.4,Completed
T0036,Compaction,DOZ027,OP042,Site Gamma - River Basin Basin Prep,Critical,2026-07-26 13:57:47,50.0,64.1,54.4,12,2.0,Cloudy,Beginner,4.3,Completed
T0037,Compaction,EXC019,OP071,Site Gamma - River Basin Basin Prep,Medium,2026-07-26 14:39:47,50.0,65.5,66.5,20,1.96,Cloudy,Beginner,4.5,Completed
T0038,Trenching,DOZ027,OP086,Site Gamma - River Basin Basin Prep,Critical,2026-07-26 15:21:47,75.0,78.5,81.5,16,1.72,Sunny,Intermediate,4.3,Completed
T0039,Compaction,COM048,OP023,Site Delta - Highway Interchange,High,2026-07-26 16:03:47,50.0,64.2,59.7,29,1.69,Cloudy,Beginner,3.9,Completed
T0040,Grading,COM036,OP001,Site Alpha - Sector 1 Quarry,High,2026-07-26 16:45:47,90.0,105.1,89.0,21,1.12,Rainy,Expert,4.3,Completed
T0041,Material Loading,WHE014,OP056,Site Alpha - Sector 1 Quarry,High,2026-07-26 17:27:47,45.0,41.6,49.0,28,0.9,Sunny,Intermediate,3.6,Completed
T0042,Grading,DUM029,OP057,Site Beta - North Overpass,Medium,2026-07-26 18:09:47,90.0,89.4,87.8,20,2.65,Sunny,Intermediate,1.0,Completed
T0043,Demolition,EXC031,OP095,Site Delta - Highway Interchange,Medium,2026-07-26 18:51:47,110.0,129.0,136.5,21,3.99,Sunny,Beginner,2.5,Completed
T0044,Compaction,COM006,OP037,Site Beta - North Overpass,High,2026-07-26 19:33:47,50.0,62.5,58.2,18,2.94,Sunny,Beginner,4.5,Completed
T0045,Earth Excavation,EXC049,OP031,Site Alpha - Sector 4 Foundation,High,2026-07-26 20:15:47,60.0,62.2,64.8,26,1.19,Sunny,Intermediate,6.5,Completed
T0046,Trenching,EXC013,OP019,Site Beta - East Trenching Zone,Low,2026-07-26 20:57:47,75.0,98.6,96.4,22,4.43,Windy,Beginner,3.2,Completed
T0047,Earth Excavation,GRA016,OP061,Site Delta - Highway Interchange,Low,2026-07-26 21:39:47,60.0,61.6,59.9,21,0.81,Sunny,Intermediate,3.2,Completed
T0048,Grading,DOZ027,OP081,Site Gamma - River Basin Basin Prep,Medium,2026-07-26 22:21:47,90.0,95.7,93.4,14,1.34,Cloudy,Intermediate,4.3,Completed
T0049,Compaction,DOZ045,OP050,Site Gamma - River Basin Basin Prep,Critical,2026-07-26 23:03:47,50.0,51.5,48.6,11,2.56,Sunny,Intermediate,4.0,Completed
T0050,Grading,GRA016,OP019,Site Delta - Highway Interchange,Low,2026-07-26 23:45:47,90.0,136.5,147.8,10,1.91,Rainy,Beginner,3.2,Completed
T0051,Hauling,WHE050,OP014,Site Alpha - Sector 1 Quarry,Critical,2026-07-27 00:27:47,40.0,46.4,45.4,29,4.35,Windy,Intermediate,5.4,Completed
T0052,Trenching,COM012,OP090,Site Alpha - Sector 4 Foundation,Critical,2026-07-27 01:09:47,75.0,66.2,63.2,13,1.47,Sunny,Expert,1.6,Completed
T0053,Earth Excavation,COM036,OP032,Site Alpha - Sector 1 Quarry,Low,2026-07-27 01:51:47,60.0,67.3,66.8,8,1.73,Cloudy,Intermediate,4.3,Completed
T0054,Grading,DOZ009,OP060,Site Beta - East Trenching Zone,High,2026-07-27 02:33:47,90.0,91.2,85.8,12,4.33,Sunny,Intermediate,2.8,Completed
T0055,Hauling,DUM029,OP079,Site Beta - North Overpass,Critical,2026-07-27 03:15:47,40.0,34.9,35.8,28,3.86,Cloudy,Expert,1.0,Completed
T0056,Hauling,COM036,OP058,Site Alpha - Sector 1 Quarry,Medium,2026-07-27 03:57:47,40.0,42.4,44.4,27,1.4,Sunny,Intermediate,4.3,Completed
T0057,Compaction,EXC031,OP058,Site Delta - Highway Interchange,High,2026-07-27 04:39:47,50.0,51.3,53.4,13,2.01,Cloudy,Intermediate,2.5,Completed
T0058,Hauling,GRA016,OP082,Site Delta - Highway Interchange,High,2026-07-27 05:21:47,40.0,45.0,47.6,9,2.19,Rainy,Expert,3.2,Completed
T0059,Hauling,WHE050,OP067,Site Alpha - Sector 1 Quarry,Critical,2026-07-27 06:03:47,40.0,44.1,46.1,15,2.29,Sunny,Intermediate,5.4,Completed
T0060,Compaction,GRA016,OP036,Site Delta - Highway Interchange,Critical,2026-07-27 06:45:47,50.0,78.8,76.0,15,1.33,Rainy,Beginner,3.2,Completed
T0061,Earth Excavation,GRA046,OP037,Site Gamma - River Basin Basin Prep,Medium,2026-07-27 07:27:47,60.0,87.8,98.0,12,3.42,Rainy,Beginner,0.6,Completed
T0062,Material Loading,GRA022,OP041,Site Alpha - Sector 4 Foundation,Low,2026-07-27 08:09:47,45.0,38.7,38.3,18,3.1,Sunny,Expert,0.8,Completed
T0063,Trenching,GRA010,OP030,Site Beta - East Trenching Zone,Critical,2026-07-27 08:51:47,75.0,65.7,62.2,27,3.42,Sunny,Expert,3.4,Completed
T0064,Compaction,GRA010,OP091,Site Beta - East Trenching Zone,Medium,2026-07-27 09:33:47,50.0,53.1,49.4,22,4.26,Sunny,Intermediate,3.4,Completed
T0065,Earth Excavation,DOZ027,OP053,Site Gamma - River Basin Basin Prep,High,2026-07-27 10:15:47,60.0,75.8,70.4,12,3.11,Sunny,Beginner,4.3,Completed
T0066,Demolition,COM030,OP054,Site Beta - East Trenching Zone,Low,2026-07-27 10:57:47,110.0,129.6,140.5,23,4.37,Sunny,Beginner,3.2,Completed
T0067,Trenching,DOZ027,OP050,Site Gamma - River Basin Basin Prep,Low,2026-07-27 11:39:47,75.0,81.2,80.4,9,3.14,Cloudy,Intermediate,4.3,Completed
T0068,Hauling,EXC049,OP074,Site Alpha - Sector 4 Foundation,Critical,2026-07-27 12:21:47,40.0,63.4,65.3,25,1.72,Storm,Intermediate,6.5,Completed
T0069,Grading,EXC001,OP046,Site Alpha - Sector 4 Foundation,High,2026-07-27 13:03:47,90.0,81.1,83.2,20,2.79,Sunny,Expert,2.4,Completed
T0070,Hauling,EXC025,OP054,Site Beta - North Overpass,Medium,2026-07-27 13:45:47,40.0,54.4,56.7,18,0.58,Cloudy,Beginner,9.2,Completed
T0071,Grading,DOZ015,OP035,Site Delta - Highway Interchange,Critical,2026-07-27 14:27:47,90.0,103.9,120.7,15,2.17,Sunny,Beginner,2.7,Completed
T0072,Grading,WHE002,OP050,Site Alpha - Sector 1 Quarry,High,2026-07-27 15:09:47,90.0,111.7,113.6,27,0.9,Rainy,Intermediate,1.1,Completed
T0073,Compaction,WHE044,OP052,Site Alpha - Sector 4 Foundation,Medium,2026-07-27 15:51:47,50.0,50.6,53.5,10,3.15,Cloudy,Intermediate,1.2,Completed
T0074,Hauling,COM030,OP017,Site Beta - East Trenching Zone,Low,2026-07-27 16:33:47,40.0,50.5,47.5,22,1.43,Sunny,Beginner,3.2,Completed
T0075,Grading,WHE038,OP073,Site Gamma - River Basin Basin Prep,Low,2026-07-27 17:15:47,90.0,106.8,116.8,15,2.69,Rainy,Expert,6.6,Completed
T0076,Earth Excavation,COM042,OP055,Site Alpha - Sector 1 Quarry,Medium,2026-07-27 17:57:47,60.0,50.4,52.6,20,1.08,Sunny,Expert,0.7,Completed
T0077,Hauling,COM030,OP024,Site Beta - East Trenching Zone,Low,2026-07-27 18:39:47,40.0,40.6,40.9,22,2.47,Windy,Expert,3.2,Completed
T0078,Material Loading,EXC025,OP042,Site Beta - North Overpass,Medium,2026-07-27 19:21:47,45.0,59.5,65.0,8,2.48,Cloudy,Beginner,9.2,Completed
T0079,Grading,DOZ021,OP044,Site Gamma - River Basin Basin Prep,Critical,2026-07-27 20:03:47,90.0,83.9,80.5,14,2.77,Cloudy,Expert,1.4,Completed
T0080,Material Loading,EXC049,OP054,Site Alpha - Sector 4 Foundation,High,2026-07-27 20:45:47,45.0,58.2,59.5,23,3.73,Sunny,Beginner,6.5,Completed
T0081,Hauling,COM006,OP061,Site Beta - North Overpass,Low,2026-07-27 21:27:47,40.0,42.6,40.4,10,2.05,Sunny,Intermediate,4.5,Completed
T0082,Compaction,DUM035,OP007,Site Beta - North Overpass,High,2026-07-27 22:09:47,50.0,60.7,60.8,21,2.93,Cloudy,Beginner,3.2,Completed
T0083,Trenching,COM042,OP009,Site Alpha - Sector 1 Quarry,Low,2026-07-27 22:51:47,75.0,95.8,96.4,27,2.55,Windy,Beginner,0.7,Completed
T0084,Hauling,WHE002,OP032,Site Alpha - Sector 1 Quarry,Medium,2026-07-27 23:33:47,40.0,50.5,49.5,21,1.23,Rainy,Intermediate,1.1,Completed
T0085,Hauling,WHE002,OP080,Site Alpha - Sector 1 Quarry,Medium,2026-07-28 00:15:47,40.0,35.3,39.8,26,3.85,Sunny,Intermediate,1.1,Completed
T0086,Trenching,DOZ009,OP061,Site Beta - East Trenching Zone,Low,2026-07-28 00:57:47,75.0,76.8,78.7,22,2.24,Sunny,Intermediate,2.8,Completed
T0087,Demolition,WHE014,OP060,Site Alpha - Sector 1 Quarry,High,2026-07-28 01:39:47,110.0,113.7,115.0,12,3.12,Cloudy,Intermediate,3.6,Completed
T0088,Hauling,COM024,OP022,Site Delta - Highway Interchange,Low,2026-07-28 02:21:47,40.0,41.4,39.8,14,2.37,Sunny,Expert,10.9,Completed
T0089,Hauling,DUM011,OP040,Site Delta - Highway Interchange,Low,2026-07-28 03:03:47,40.0,41.6,44.4,27,2.7,Cloudy,Intermediate,0.6,Completed
T0090,Demolition,WHE002,OP040,Site Alpha - Sector 1 Quarry,Critical,2026-07-28 03:45:47,110.0,116.8,127.1,26,2.44,Windy,Intermediate,1.1,Completed
T0091,Grading,GRA046,OP026,Site Gamma - River Basin Basin Prep,Low,2026-07-28 04:27:47,90.0,96.0,89.9,11,2.52,Windy,Intermediate,0.6,Completed
T0092,Demolition,DOZ045,OP081,Site Gamma - River Basin Basin Prep,Medium,2026-07-28 05:09:47,110.0,109.4,117.3,8,0.76,Sunny,Intermediate,4.0,Completed
T0093,Earth Excavation,DOZ045,OP099,Site Gamma - River Basin Basin Prep,High,2026-07-28 05:51:47,60.0,79.7,76.8,18,3.41,Windy,Beginner,4.0,Completed
T0094,Hauling,WHE044,OP077,Site Alpha - Sector 4 Foundation,Low,2026-07-28 06:33:47,40.0,35.0,35.6,27,3.62,Cloudy,Expert,1.2,Completed
T0095,Hauling,EXC037,OP006,Site Beta - North Overpass,High,2026-07-28 07:15:47,40.0,48.2,49.1,18,3.43,Rainy,Expert,6.0,Completed
T0096,Demolition,GRA028,OP085,Site Gamma - River Basin Basin Prep,High,2026-07-28 07:57:47,110.0,118.4,112.1,18,0.5,Sunny,Intermediate,4.8,Completed
T0097,Earth Excavation,DOZ033,OP083,Site Beta - East Trenching Zone,High,2026-07-28 08:39:47,60.0,72.4,72.7,20,3.61,Cloudy,Beginner,3.2,Completed
T0098,Earth Excavation,DOZ027,OP063,Site Gamma - River Basin Basin Prep,Low,2026-07-28 09:21:47,60.0,70.3,71.5,27,3.69,Cloudy,Beginner,4.3,Completed
T0099,Grading,COM024,OP082,Site Delta - Highway Interchange,Critical,2026-07-28 10:03:47,90.0,89.8,91.1,11,0.6,Sunny,Expert,10.9,Completed
T0100,Compaction,GRA010,OP056,Site Beta - East Trenching Zone,Medium,2026-07-28 10:45:47,50.0,63.8,68.6,11,0.45,Rainy,Intermediate,3.4,Completed
T0101,Compaction,GRA034,OP084,Site Alpha - Sector 4 Foundation,High,2026-07-28 11:27:47,50.0,86.2,94.7,23,3.51,Storm,Beginner,0.8,Completed
T0102,Demolition,DUM035,OP100,Site Beta - North Overpass,Critical,2026-07-28 12:09:47,110.0,130.6,133.6,20,3.9,Sunny,Beginner,3.2,Completed
T0103,Grading,GRA028,OP094,Site Gamma - River Basin Basin Prep,High,2026-07-28 12:51:47,90.0,95.6,88.2,28,2.58,Cloudy,Intermediate,4.8,Completed
T0104,Material Loading,GRA016,OP012,Site Delta - Highway Interchange,High,2026-07-28 13:33:47,45.0,51.6,48.1,25,3.4,Rainy,Expert,3.2,Completed
T0105,Grading,GRA016,OP097,Site Delta - Highway Interchange,Critical,2026-07-28 14:15:47,90.0,115.0,105.9,28,0.61,Rainy,Intermediate,3.2,Completed
T0106,Demolition,GRA040,OP086,Site Gamma - River Basin Basin Prep,Critical,2026-07-28 14:57:47,110.0,121.7,111.7,28,1.45,Windy,Intermediate,1.3,Completed
T0107,Material Loading,WHE002,OP064,Site Alpha - Sector 1 Quarry,High,2026-07-28 15:39:47,45.0,56.9,52.3,26,1.67,Cloudy,Beginner,1.1,Completed
T0108,Trenching,WHE032,OP028,Site Beta - East Trenching Zone,High,2026-07-28 16:21:47,75.0,86.3,80.9,29,2.7,Sunny,Beginner,0.7,Completed
T0109,Hauling,DUM017,OP044,Site Alpha - Sector 1 Quarry,High,2026-07-28 17:03:47,40.0,46.8,45.4,18,0.68,Rainy,Expert,1.7,Completed
T0110,Demolition,DOZ045,OP036,Site Gamma - River Basin Basin Prep,Low,2026-07-28 17:45:47,110.0,133.7,125.7,13,3.87,Sunny,Beginner,4.0,Completed
T0111,Demolition,EXC013,OP011,Site Beta - East Trenching Zone,Medium,2026-07-28 18:27:47,110.0,142.7,137.1,9,0.8,Cloudy,Beginner,3.2,Completed
T0112,Compaction,DOZ027,OP063,Site Gamma - River Basin Basin Prep,Medium,2026-07-28 19:09:47,50.0,68.0,73.6,19,0.66,Windy,Beginner,4.3,Completed
T0113,Compaction,EXC031,OP083,Site Delta - Highway Interchange,Critical,2026-07-28 19:51:47,50.0,60.5,59.5,26,3.62,Cloudy,Beginner,2.5,Completed
T0114,Grading,WHE002,OP012,Site Alpha - Sector 1 Quarry,High,2026-07-28 20:33:47,90.0,77.9,71.0,11,3.5,Sunny,Expert,1.1,Completed
T0115,Trenching,WHE026,OP089,Site Gamma - River Basin Basin Prep,Medium,2026-07-28 21:15:47,75.0,95.3,103.2,29,1.06,Rainy,Intermediate,1.5,Completed
T0116,Material Loading,EXC043,OP075,Site Beta - East Trenching Zone,High,2026-07-28 21:57:47,45.0,46.5,49.1,9,0.67,Cloudy,Intermediate,1.8,Completed
T0117,Grading,COM036,OP068,Site Alpha - Sector 1 Quarry,High,2026-07-28 22:39:47,90.0,108.0,109.8,27,3.67,Cloudy,Beginner,4.3,Completed
T0118,Grading,COM048,OP071,Site Delta - Highway Interchange,High,2026-07-28 23:21:47,90.0,110.6,97.8,18,3.58,Sunny,Beginner,3.9,Completed
T0119,Material Loading,DOZ045,OP059,Site Gamma - River Basin Basin Prep,High,2026-07-29 00:03:47,45.0,58.3,64.6,11,1.53,Windy,Beginner,4.0,Completed
T0120,Material Loading,DUM017,OP030,Site Alpha - Sector 1 Quarry,Low,2026-07-29 00:45:47,45.0,38.3,40.5,21,2.59,Sunny,Expert,1.7,Completed
T0121,Compaction,EXC013,OP041,Site Beta - East Trenching Zone,Low,2026-07-29 01:27:47,50.0,49.2,52.0,14,2.92,Windy,Expert,3.2,Completed
T0122,Compaction,DUM035,OP098,Site Beta - North Overpass,Medium,2026-07-29 02:09:47,50.0,44.2,43.5,13,0.98,Sunny,Expert,3.2,Completed
T0123,Trenching,WHE014,OP095,Site Alpha - Sector 1 Quarry,Critical,2026-07-29 02:51:47,75.0,112.0,130.1,23,1.02,Rainy,Beginner,3.6,Completed
T0124,Material Loading,DUM047,OP076,Site Delta - Highway Interchange,High,2026-07-29 03:33:47,45.0,52.2,53.8,16,3.69,Sunny,Intermediate,10.4,Completed
T0125,Earth Excavation,EXC013,OP038,Site Beta - East Trenching Zone,Medium,2026-07-29 04:15:47,60.0,62.1,57.4,28,3.14,Sunny,Intermediate,3.2,Completed
T0126,Material Loading,COM012,OP039,Site Alpha - Sector 4 Foundation,Low,2026-07-29 04:57:47,45.0,50.2,55.2,12,2.69,Rainy,Expert,1.6,Completed
T0127,Compaction,DUM035,OP017,Site Beta - North Overpass,High,2026-07-29 05:39:47,50.0,74.3,70.8,12,4.39,Rainy,Beginner,3.2,Completed
T0128,Earth Excavation,GRA004,OP071,Site Beta - North Overpass,High,2026-07-29 06:21:47,60.0,89.3,93.1,13,3.31,Rainy,Beginner,4.9,Completed
T0129,Compaction,DOZ009,OP082,Site Beta - East Trenching Zone,Critical,2026-07-29 07:03:47,50.0,55.7,59.2,19,1.69,Rainy,Expert,2.8,Completed
T0130,Earth Excavation,EXC001,OP074,Site Alpha - Sector 4 Foundation,High,2026-07-29 07:45:47,60.0,75.8,74.1,23,3.32,Rainy,Intermediate,2.4,Completed
T0131,Grading,EXC031,OP057,Site Delta - Highway Interchange,High,2026-07-29 08:27:47,90.0,96.2,84.5,22,1.18,Sunny,Intermediate,2.5,Completed
T0132,Trenching,GRA004,OP033,Site Beta - North Overpass,Critical,2026-07-29 09:09:47,75.0,82.3,84.3,24,3.85,Cloudy,Intermediate,4.9,Completed
T0133,Earth Excavation,DUM005,OP052,Site Beta - North Overpass,Critical,2026-07-29 09:51:47,60.0,71.5,71.6,27,3.43,Cloudy,Intermediate,10.8,Completed
T0134,Earth Excavation,EXC037,OP081,Site Beta - North Overpass,Low,2026-07-29 10:33:47,60.0,65.5,63.0,22,1.12,Sunny,Intermediate,6.0,Completed
T0135,Trenching,GRA010,OP073,Site Beta - East Trenching Zone,High,2026-07-29 11:15:47,75.0,86.3,76.0,10,3.25,Rainy,Expert,3.4,Completed
T0136,Earth Excavation,GRA016,OP016,Site Delta - Highway Interchange,Critical,2026-07-29 11:57:47,60.0,71.2,78.6,10,3.53,Sunny,Beginner,3.2,Completed
T0137,Demolition,DOZ039,OP080,Site Alpha - Sector 1 Quarry,Medium,2026-07-29 12:39:47,110.0,142.8,143.5,24,3.54,Rainy,Intermediate,1.5,Completed
T0138,Hauling,GRA034,OP049,Site Alpha - Sector 4 Foundation,Critical,2026-07-29 13:21:47,40.0,44.1,41.7,8,3.98,Sunny,Beginner,0.8,Completed
T0139,Grading,WHE020,OP076,Site Alpha - Sector 4 Foundation,Critical,2026-07-29 14:03:47,90.0,92.1,93.7,28,2.64,Sunny,Intermediate,3.4,Completed
T0140,Material Loading,EXC037,OP080,Site Beta - North Overpass,Low,2026-07-29 14:45:47,45.0,48.3,47.2,27,0.47,Sunny,Intermediate,6.0,Completed
T0141,Demolition,COM048,OP013,Site Delta - Highway Interchange,Medium,2026-07-29 15:27:47,110.0,150.1,156.0,29,3.92,Storm,Expert,3.9,Completed
T0142,Compaction,WHE014,OP034,Site Alpha - Sector 1 Quarry,Low,2026-07-29 16:09:47,50.0,57.1,56.9,16,3.84,Windy,Intermediate,3.6,Completed
T0143,Trenching,GRA016,OP023,Site Delta - Highway Interchange,Low,2026-07-29 16:51:47,75.0,92.3,96.1,26,3.98,Cloudy,Beginner,3.2,Completed
T0144,Trenching,EXC001,OP053,Site Alpha - Sector 4 Foundation,Critical,2026-07-29 17:33:47,75.0,91.1,93.2,15,1.48,Cloudy,Beginner,2.4,Completed
T0145,Compaction,DOZ039,OP061,Site Alpha - Sector 1 Quarry,High,2026-07-29 18:15:47,50.0,47.9,46.3,21,2.85,Sunny,Intermediate,1.5,Completed
T0146,Earth Excavation,DOZ015,OP037,Site Delta - Highway Interchange,High,2026-07-29 18:57:47,60.0,76.1,73.4,11,0.66,Windy,Beginner,2.7,Completed
T0147,Compaction,COM030,OP010,Site Beta - East Trenching Zone,Medium,2026-07-29 19:39:47,50.0,79.8,77.5,23,1.38,Storm,Intermediate,3.2,Completed
T0148,Material Loading,DUM041,OP076,Site Alpha - Sector 4 Foundation,Medium,2026-07-29 20:21:47,45.0,45.8,50.7,27,1.3,Sunny,Intermediate,3.2,Completed
T0149,Grading,WHE008,OP070,Site Alpha - Sector 1 Quarry,Medium,2026-07-29 21:03:47,90.0,129.5,124.5,16,3.14,Cloudy,Beginner,6.4,Completed
T0150,Compaction,GRA010,OP035,Site Beta - East Trenching Zone,Medium,2026-07-29 21:45:47,50.0,60.3,56.4,19,4.13,Sunny,Beginner,3.4,Completed
T0151,Earth Excavation,GRA004,OP022,Site Beta - North Overpass,High,2026-07-29 22:27:47,60.0,57.9,61.0,27,2.22,Sunny,Expert,4.9,Completed
T0152,Demolition,COM048,OP073,Site Delta - Highway Interchange,High,2026-07-29 23:09:47,110.0,104.4,98.3,26,1.37,Cloudy,Expert,3.9,Completed
T0153,Grading,WHE008,OP060,Site Alpha - Sector 1 Quarry,High,2026-07-29 23:51:47,90.0,94.7,92.2,20,4.38,Sunny,Intermediate,6.4,Completed
T0154,Compaction,WHE026,OP035,Site Gamma - River Basin Basin Prep,Critical,2026-07-30 00:33:47,50.0,61.1,58.5,16,2.48,Cloudy,Beginner,1.5,Completed
T0155,Grading,COM006,OP077,Site Beta - North Overpass,Low,2026-07-30 01:15:47,90.0,83.4,86.9,24,0.56,Sunny,Expert,4.5,Completed
T0156,Grading,COM048,OP042,Site Delta - Highway Interchange,High,2026-07-30 01:57:47,90.0,103.1,108.5,17,4.38,Sunny,Beginner,3.9,Completed
T0157,Earth Excavation,COM006,OP030,Site Beta - North Overpass,Low,2026-07-30 02:39:47,60.0,54.1,63.5,10,2.23,Sunny,Expert,4.5,Completed
T0158,Hauling,WHE044,OP035,Site Alpha - Sector 4 Foundation,Low,2026-07-30 03:21:47,40.0,47.2,47.4,24,0.43,Cloudy,Beginner,1.2,Completed
T0159,Hauling,EXC049,OP023,Site Alpha - Sector 4 Foundation,Critical,2026-07-30 04:03:47,40.0,56.3,54.8,24,1.3,Windy,Beginner,6.5,Completed
T0160,Demolition,COM042,OP057,Site Alpha - Sector 1 Quarry,High,2026-07-30 04:45:47,110.0,111.4,107.9,12,1.57,Sunny,Intermediate,0.7,Completed
T0161,Trenching,WHE038,OP056,Site Gamma - River Basin Basin Prep,Critical,2026-07-30 05:27:47,75.0,103.9,101.8,16,0.52,Rainy,Intermediate,6.6,Completed
T0162,Earth Excavation,EXC031,OP045,Site Delta - Highway Interchange,Critical,2026-07-30 06:09:47,60.0,72.8,80.9,21,1.08,Cloudy,Beginner,2.5,Completed
T0163,Material Loading,DOZ021,OP086,Site Gamma - River Basin Basin Prep,Low,2026-07-30 06:51:47,45.0,58.2,52.4,28,1.46,Rainy,Intermediate,1.4,Completed
T0164,Hauling,DUM011,OP043,Site Delta - Highway Interchange,Critical,2026-07-30 07:33:47,40.0,37.9,36.7,12,0.41,Windy,Expert,0.6,Completed
T0165,Compaction,WHE032,OP037,Site Beta - East Trenching Zone,Critical,2026-07-30 08:15:47,50.0,58.0,55.0,24,2.88,Sunny,Beginner,0.7,Completed
T0166,Hauling,EXC049,OP071,Site Alpha - Sector 4 Foundation,Low,2026-07-30 08:57:47,40.0,49.7,50.6,11,1.91,Sunny,Beginner,6.5,Completed
T0167,Grading,COM006,OP041,Site Beta - North Overpass,High,2026-07-30 09:39:47,90.0,89.3,97.7,8,2.06,Windy,Expert,4.5,Completed
T0168,Material Loading,WHE008,OP099,Site Alpha - Sector 1 Quarry,Critical,2026-07-30 10:21:47,45.0,59.1,58.3,16,3.05,Sunny,Beginner,6.4,Completed
T0169,Hauling,DOZ033,OP001,Site Beta - East Trenching Zone,Critical,2026-07-30 11:03:47,40.0,37.8,39.6,26,4.14,Cloudy,Expert,3.2,Completed
T0170,Grading,GRA004,OP025,Site Beta - North Overpass,High,2026-07-30 11:45:47,90.0,102.4,105.1,28,4.1,Windy,Intermediate,4.9,Completed
T0171,Demolition,EXC049,OP064,Site Alpha - Sector 4 Foundation,Critical,2026-07-30 12:27:47,110.0,147.4,120.1,24,3.25,Sunny,Beginner,6.5,Completed
T0172,Hauling,GRA004,OP027,Site Beta - North Overpass,High,2026-07-30 13:09:47,40.0,48.2,50.2,22,0.58,Sunny,Beginner,4.9,Completed
T0173,Demolition,DOZ009,OP037,Site Beta - East Trenching Zone,Critical,2026-07-30 13:51:47,110.0,138.6,126.5,13,3.87,Sunny,Beginner,2.8,Completed
T0174,Compaction,WHE032,OP016,Site Beta - East Trenching Zone,Low,2026-07-30 14:33:47,50.0,62.4,58.9,16,1.66,Cloudy,Beginner,0.7,Completed
T0175,Compaction,DOZ039,OP031,Site Alpha - Sector 1 Quarry,Medium,2026-07-30 15:15:47,50.0,55.3,59.5,10,2.25,Windy,Intermediate,1.5,Completed
T0176,Material Loading,COM036,OP002,Site Alpha - Sector 1 Quarry,Critical,2026-07-30 15:57:47,45.0,52.6,59.7,18,2.79,Sunny,Beginner,4.3,Completed
T0177,Earth Excavation,DOZ015,OP015,Site Delta - Highway Interchange,Critical,2026-07-30 16:39:47,60.0,67.1,61.9,8,2.56,Windy,Intermediate,2.7,Completed
T0178,Earth Excavation,COM042,OP020,Site Alpha - Sector 1 Quarry,Critical,2026-07-30 17:21:47,60.0,52.8,50.4,12,4.05,Cloudy,Expert,0.7,Completed
T0179,Compaction,EXC019,OP066,Site Gamma - River Basin Basin Prep,High,2026-07-30 18:03:47,50.0,52.0,50.6,25,3.01,Sunny,Intermediate,4.5,Completed
T0180,Grading,EXC031,OP061,Site Delta - Highway Interchange,Medium,2026-07-30 18:45:47,90.0,94.0,91.3,24,0.82,Sunny,Intermediate,2.5,Completed
T0181,Grading,COM036,OP019,Site Alpha - Sector 1 Quarry,Critical,2026-07-30 19:27:47,90.0,142.5,140.9,19,2.69,Rainy,Beginner,4.3,Completed
T0182,Trenching,DOZ039,OP066,Site Alpha - Sector 1 Quarry,Medium,2026-07-30 20:09:47,75.0,73.4,69.3,21,0.53,Sunny,Intermediate,1.5,Completed
T0183,Hauling,DUM005,OP036,Site Beta - North Overpass,Critical,2026-07-30 20:51:47,40.0,55.0,55.3,22,2.4,Sunny,Beginner,10.8,Completed
T0184,Material Loading,DOZ033,OP035,Site Beta - East Trenching Zone,Low,2026-07-30 21:33:47,45.0,54.2,54.6,12,2.34,Sunny,Beginner,3.2,Completed
T0185,Material Loading,DUM047,OP039,Site Delta - Highway Interchange,Critical,2026-07-30 22:15:47,45.0,48.4,47.8,20,2.89,Cloudy,Expert,10.4,Completed
T0186,Hauling,GRA010,OP058,Site Beta - East Trenching Zone,Critical,2026-07-30 22:57:47,40.0,44.3,42.2,20,3.52,Cloudy,Intermediate,3.4,Completed
T0187,Material Loading,GRA022,OP071,Site Alpha - Sector 4 Foundation,Critical,2026-07-30 23:39:47,45.0,51.1,51.3,20,1.2,Sunny,Beginner,0.8,Completed
T0188,Grading,DOZ021,OP025,Site Gamma - River Basin Basin Prep,Medium,2026-07-31 00:21:47,90.0,89.3,82.2,19,3.81,Sunny,Intermediate,1.4,Completed
T0189,Demolition,EXC025,OP030,Site Beta - North Overpass,Critical,2026-07-31 01:03:47,110.0,116.6,111.0,10,1.02,Cloudy,Expert,9.2,Completed
T0190,Earth Excavation,DOZ021,OP096,Site Gamma - River Basin Basin Prep,Critical,2026-07-31 01:45:47,60.0,60.9,61.3,10,4.01,Windy,Expert,1.4,Completed
T0191,Compaction,EXC025,OP050,Site Beta - North Overpass,Medium,2026-07-31 02:27:47,50.0,59.0,59.5,12,3.4,Cloudy,Intermediate,9.2,Completed
T0192,Grading,DOZ003,OP017,Site Alpha - Sector 4 Foundation,High,2026-07-31 03:09:47,90.0,124.2,119.9,29,1.33,Windy,Beginner,2.4,Completed
T0193,Hauling,EXC007,OP057,Site Alpha - Sector 4 Foundation,Low,2026-07-31 03:51:47,40.0,52.0,49.8,28,3.46,Rainy,Intermediate,3.2,Completed
T0194,Demolition,COM030,OP002,Site Beta - East Trenching Zone,Medium,2026-07-31 04:33:47,110.0,138.0,141.2,16,4.0,Cloudy,Beginner,3.2,Completed
T0195,Grading,COM042,OP020,Site Alpha - Sector 1 Quarry,Low,2026-07-31 05:15:47,90.0,78.3,73.3,13,2.81,Cloudy,Expert,0.7,Completed
T0196,Grading,DUM017,OP044,Site Alpha - Sector 1 Quarry,Critical,2026-07-31 05:57:47,90.0,80.2,77.6,22,2.88,Sunny,Expert,1.7,Completed
T0197,Compaction,COM006,OP043,Site Beta - North Overpass,Critical,2026-07-31 06:39:47,50.0,50.3,54.5,28,4.42,Windy,Expert,4.5,Completed
T0198,Material Loading,DUM041,OP092,Site Alpha - Sector 4 Foundation,Critical,2026-07-31 07:21:47,45.0,59.9,60.5,11,3.71,Windy,Beginner,3.2,Completed
T0199,Hauling,DUM035,OP005,Site Beta - North Overpass,Low,2026-07-31 08:03:47,40.0,44.0,49.9,20,2.2,Sunny,Beginner,3.2,Completed
T0200,Trenching,DUM041,OP088,Site Alpha - Sector 4 Foundation,High,2026-07-31 08:45:47,75.0,82.4,80.2,23,3.53,Cloudy,Intermediate,3.2,Completed
T0201,Trenching,COM048,OP012,Site Delta - Highway Interchange,Critical,2026-07-31 09:27:47,75.0,73.0,68.5,28,1.87,Cloudy,Expert,3.9,Completed
T0202,Earth Excavation,EXC049,OP082,Site Alpha - Sector 4 Foundation,Low,2026-07-31 10:09:47,60.0,56.7,56.9,22,4.46,Sunny,Expert,6.5,Completed
T0203,Grading,DUM011,OP089,Site Delta - Highway Interchange,High,2026-07-31 10:51:47,90.0,93.1,95.5,22,0.99,Cloudy,Intermediate,0.6,Completed
T0204,Earth Excavation,DOZ003,OP042,Site Alpha - Sector 4 Foundation,Low,2026-07-31 11:33:47,60.0,74.7,70.8,8,3.87,Cloudy,Beginner,2.4,Completed
T0205,Material Loading,DUM023,OP048,Site Gamma - River Basin Basin Prep,Critical,2026-07-31 12:15:47,45.0,55.1,59.9,21,1.55,Cloudy,Beginner,4.9,Completed
T0206,Trenching,GRA016,OP068,Site Delta - Highway Interchange,Critical,2026-07-31 12:57:47,75.0,94.8,83.5,20,4.29,Cloudy,Beginner,3.2,Completed
T0207,Demolition,WHE044,OP024,Site Alpha - Sector 4 Foundation,Medium,2026-07-31 13:39:47,110.0,95.4,94.1,9,3.66,Sunny,Expert,1.2,Completed
T0208,Trenching,COM006,OP079,Site Beta - North Overpass,Critical,2026-07-31 14:21:47,75.0,68.4,70.8,20,3.13,Sunny,Expert,4.5,Completed
T0209,Demolition,WHE044,OP031,Site Alpha - Sector 4 Foundation,Critical,2026-07-31 15:03:47,110.0,109.0,115.6,21,1.02,Sunny,Intermediate,1.2,Completed
T0210,Demolition,GRA010,OP030,Site Beta - East Trenching Zone,Critical,2026-07-31 15:45:47,110.0,99.1,100.9,28,0.54,Cloudy,Expert,3.4,Completed
T0211,Compaction,DUM017,OP059,Site Alpha - Sector 1 Quarry,High,2026-07-31 16:27:47,50.0,66.8,64.1,24,3.35,Windy,Beginner,1.7,Completed
T0212,Compaction,EXC001,OP060,Site Alpha - Sector 4 Foundation,High,2026-07-31 17:09:47,50.0,65.4,59.7,29,0.69,Rainy,Intermediate,2.4,Completed
T0213,Compaction,DUM035,OP021,Site Beta - North Overpass,Low,2026-07-31 17:51:47,50.0,53.5,58.2,27,1.64,Windy,Intermediate,3.2,Completed
T0214,Grading,DUM023,OP076,Site Gamma - River Basin Basin Prep,High,2026-07-31 18:33:47,90.0,94.8,84.4,15,1.51,Sunny,Intermediate,4.9,Completed
T0215,Compaction,GRA028,OP089,Site Gamma - River Basin Basin Prep,High,2026-07-31 19:15:47,50.0,50.2,50.5,9,3.36,Sunny,Intermediate,4.8,Completed
T0216,Grading,WHE020,OP026,Site Alpha - Sector 4 Foundation,Critical,2026-07-31 19:57:47,90.0,92.7,90.5,24,2.5,Sunny,Intermediate,3.4,Completed
T0217,Hauling,EXC031,OP014,Site Delta - Highway Interchange,Medium,2026-07-31 20:39:47,40.0,49.6,51.8,16,1.8,Rainy,Intermediate,2.5,Completed
T0218,Grading,EXC037,OP046,Site Beta - North Overpass,High,2026-07-31 21:21:47,90.0,111.3,107.2,11,3.63,Rainy,Expert,6.0,Completed
T0219,Compaction,EXC019,OP003,Site Gamma - River Basin Basin Prep,Critical,2026-07-31 22:03:47,50.0,79.3,74.9,23,4.24,Rainy,Beginner,4.5,Completed
T0220,Material Loading,EXC001,OP073,Site Alpha - Sector 4 Foundation,Low,2026-07-31 22:45:47,45.0,40.9,40.9,8,4.21,Sunny,Expert,2.4,Completed
T0221,Demolition,COM048,OP064,Site Delta - Highway Interchange,High,2026-07-31 23:27:47,110.0,134.6,135.9,28,3.32,Sunny,Beginner,3.9,Completed
T0222,Hauling,DOZ015,OP078,Site Delta - Highway Interchange,High,2026-08-01 00:09:47,40.0,52.1,59.8,24,3.17,Windy,Beginner,2.7,Completed
T0223,Trenching,DUM041,OP025,Site Alpha - Sector 4 Foundation,High,2026-08-01 00:51:47,75.0,117.8,115.7,24,1.88,Storm,Intermediate,3.2,Completed
T0224,Compaction,EXC049,OP093,Site Alpha - Sector 4 Foundation,Medium,2026-08-01 01:33:47,50.0,65.2,68.9,22,0.86,Sunny,Beginner,6.5,Completed
T0225,Compaction,EXC007,OP081,Site Alpha - Sector 4 Foundation,Low,2026-08-01 02:15:47,50.0,50.6,54.9,14,3.55,Sunny,Intermediate,3.2,Completed
T0226,Material Loading,DUM029,OP005,Site Beta - North Overpass,High,2026-08-01 02:57:47,45.0,67.3,67.6,23,1.92,Rainy,Beginner,1.0,Completed
T0227,Compaction,DOZ009,OP012,Site Beta - East Trenching Zone,High,2026-08-01 03:39:47,50.0,47.6,42.1,11,3.18,Cloudy,Expert,2.8,Completed
T0228,Material Loading,COM048,OP054,Site Delta - Highway Interchange,Medium,2026-08-01 04:21:47,45.0,54.4,55.4,14,0.92,Sunny,Beginner,3.9,Completed
T0229,Trenching,DOZ009,OP070,Site Beta - East Trenching Zone,High,2026-08-01 05:03:47,75.0,89.5,88.5,8,4.05,Cloudy,Beginner,2.8,Completed
T0230,Demolition,DOZ033,OP035,Site Beta - East Trenching Zone,Medium,2026-08-01 05:45:47,110.0,133.0,125.2,29,3.61,Sunny,Beginner,3.2,Completed
T0231,Material Loading,EXC031,OP038,Site Delta - Highway Interchange,High,2026-08-01 06:27:47,45.0,45.8,46.6,20,1.95,Cloudy,Intermediate,2.5,Completed
T0232,Hauling,WHE008,OP060,Site Alpha - Sector 1 Quarry,Low,2026-08-01 07:09:47,40.0,45.7,44.4,22,1.75,Cloudy,Intermediate,6.4,Completed
T0233,Trenching,EXC049,OP029,Site Alpha - Sector 4 Foundation,Critical,2026-08-01 07:51:47,75.0,77.7,85.8,11,0.57,Windy,Expert,6.5,Completed
T0234,Hauling,COM036,OP047,Site Alpha - Sector 1 Quarry,Low,2026-08-01 08:33:47,40.0,43.5,44.6,23,3.57,Cloudy,Intermediate,4.3,Completed
T0235,Hauling,WHE026,OP002,Site Gamma - River Basin Basin Prep,High,2026-08-01 09:15:47,40.0,44.8,42.4,28,0.71,Sunny,Beginner,1.5,Completed
T0236,Demolition,WHE008,OP059,Site Alpha - Sector 1 Quarry,High,2026-08-01 09:57:47,110.0,137.4,148.8,14,0.47,Sunny,Beginner,6.4,Completed
T0237,Compaction,COM048,OP087,Site Delta - Highway Interchange,High,2026-08-01 10:39:47,50.0,56.9,59.6,27,3.03,Cloudy,Intermediate,3.9,Completed
T0238,Demolition,EXC025,OP082,Site Beta - North Overpass,High,2026-08-01 11:21:47,110.0,115.4,115.8,20,4.39,Cloudy,Expert,9.2,Completed
T0239,Earth Excavation,WHE044,OP030,Site Alpha - Sector 4 Foundation,Critical,2026-08-01 12:03:47,60.0,57.6,58.4,15,1.25,Windy,Expert,1.2,Completed
T0240,Earth Excavation,GRA040,OP072,Site Gamma - River Basin Basin Prep,High,2026-08-01 12:45:47,60.0,61.5,59.0,20,3.46,Cloudy,Intermediate,1.3,Completed
T0241,Demolition,DOZ015,OP083,Site Delta - Highway Interchange,Low,2026-08-01 13:27:47,110.0,201.0,223.7,16,1.38,Storm,Beginner,2.7,Completed
T0242,Compaction,COM030,OP090,Site Beta - East Trenching Zone,High,2026-08-01 14:09:47,50.0,46.0,45.0,29,1.9,Cloudy,Expert,3.2,Completed
T0243,Compaction,DOZ027,OP015,Site Gamma - River Basin Basin Prep,Medium,2026-08-01 14:51:47,50.0,52.2,55.0,17,1.69,Sunny,Intermediate,4.3,Completed
T0244,Earth Excavation,DOZ003,OP039,Site Alpha - Sector 4 Foundation,Critical,2026-08-01 15:33:47,60.0,52.7,55.2,18,1.47,Sunny,Expert,2.4,Completed
T0245,Earth Excavation,EXC007,OP031,Site Alpha - Sector 4 Foundation,Medium,2026-08-01 16:15:47,60.0,63.3,65.4,22,0.65,Sunny,Intermediate,3.2,Completed
T0246,Grading,COM030,OP048,Site Beta - East Trenching Zone,Critical,2026-08-01 16:57:47,90.0,137.2,128.8,27,2.99,Rainy,Beginner,3.2,Completed
T0247,Demolition,COM048,OP094,Site Delta - Highway Interchange,Medium,2026-08-01 17:39:47,110.0,172.0,192.8,9,1.39,Storm,Intermediate,3.9,Completed
T0248,Grading,COM042,OP013,Site Alpha - Sector 1 Quarry,Critical,2026-08-01 18:21:47,90.0,80.7,78.4,13,4.21,Sunny,Expert,0.7,Completed
T0249,Demolition,DOZ027,OP036,Site Gamma - River Basin Basin Prep,Low,2026-08-01 19:03:47,110.0,134.2,123.8,10,1.08,Sunny,Beginner,4.3,Completed
T0250,Compaction,COM024,OP028,Site Delta - Highway Interchange,Critical,2026-08-01 19:45:47,50.0,69.4,69.0,8,0.96,Sunny,Beginner,10.9,Completed
T0251,Grading,GRA016,OP047,Site Delta - Highway Interchange,Low,2026-08-01 20:27:47,90.0,92.8,92.2,19,4.34,Sunny,Intermediate,3.2,Completed
T0252,Compaction,COM024,OP070,Site Delta - Highway Interchange,High,2026-08-01 21:09:47,50.0,67.6,69.8,25,2.83,Sunny,Beginner,10.9,Completed
T0253,Earth Excavation,WHE026,OP036,Site Gamma - River Basin Basin Prep,Medium,2026-08-01 21:51:47,60.0,109.9,100.5,11,3.8,Storm,Beginner,1.5,Completed
T0254,Earth Excavation,COM030,OP012,Site Beta - East Trenching Zone,Medium,2026-08-01 22:33:47,60.0,54.1,55.9,18,2.54,Cloudy,Expert,3.2,Completed
T0255,Compaction,DUM041,OP077,Site Alpha - Sector 4 Foundation,Low,2026-08-01 23:15:47,50.0,49.3,54.0,22,1.35,Windy,Expert,3.2,Completed
T0256,Earth Excavation,GRA022,OP032,Site Alpha - Sector 4 Foundation,Medium,2026-08-01 23:57:47,60.0,88.4,86.7,25,3.56,Storm,Intermediate,0.8,Completed
T0257,Hauling,EXC037,OP027,Site Beta - North Overpass,Low,2026-08-02 00:39:47,40.0,51.1,54.9,12,1.95,Sunny,Beginner,6.0,Completed
T0258,Hauling,EXC049,OP071,Site Alpha - Sector 4 Foundation,Medium,2026-08-02 01:21:47,40.0,52.3,52.6,17,1.72,Sunny,Beginner,6.5,Completed
T0259,Demolition,WHE014,OP030,Site Alpha - Sector 1 Quarry,High,2026-08-02 02:03:47,110.0,99.0,104.9,12,1.41,Sunny,Expert,3.6,Completed
T0260,Hauling,GRA010,OP077,Site Beta - East Trenching Zone,Low,2026-08-02 02:45:47,40.0,35.9,37.7,11,1.58,Sunny,Expert,3.4,Completed
T0261,Material Loading,GRA010,OP017,Site Beta - East Trenching Zone,High,2026-08-02 03:27:47,45.0,80.7,89.2,14,1.92,Storm,Beginner,3.4,Completed
T0262,Hauling,COM012,OP015,Site Alpha - Sector 4 Foundation,Low,2026-08-02 04:09:47,40.0,48.2,52.7,24,2.22,Rainy,Intermediate,1.6,Completed
T0263,Trenching,EXC001,OP046,Site Alpha - Sector 4 Foundation,Medium,2026-08-02 04:51:47,75.0,99.5,107.1,27,2.75,Storm,Expert,2.4,Completed
T0264,Demolition,DOZ021,OP003,Site Gamma - River Basin Basin Prep,Medium,2026-08-02 05:33:47,110.0,166.4,154.9,20,4.39,Rainy,Beginner,1.4,Completed
T0265,Material Loading,GRA004,OP017,Site Beta - North Overpass,Critical,2026-08-02 06:15:47,45.0,89.6,76.7,29,3.95,Storm,Beginner,4.9,Completed
T0266,Demolition,WHE008,OP096,Site Alpha - Sector 1 Quarry,Low,2026-08-02 06:57:47,110.0,109.8,108.0,10,1.74,Cloudy,Expert,6.4,Completed
T0267,Grading,DUM029,OP100,Site Beta - North Overpass,High,2026-08-02 07:39:47,90.0,102.3,112.9,14,3.87,Sunny,Beginner,1.0,Completed
T0268,Demolition,WHE038,OP014,Site Gamma - River Basin Basin Prep,Critical,2026-08-02 08:21:47,110.0,145.9,155.6,27,2.44,Rainy,Intermediate,6.6,Completed
T0269,Demolition,DOZ015,OP079,Site Delta - Highway Interchange,Low,2026-08-02 09:03:47,110.0,97.0,98.5,26,2.83,Sunny,Expert,2.7,Completed
T0270,Compaction,EXC043,OP067,Site Beta - East Trenching Zone,High,2026-08-02 09:45:47,50.0,49.6,47.0,22,4.01,Sunny,Intermediate,1.8,Completed
T0271,Grading,COM042,OP004,Site Alpha - Sector 1 Quarry,Low,2026-08-02 10:27:47,90.0,136.1,136.7,11,3.24,Rainy,Beginner,0.7,Completed
T0272,Grading,WHE026,OP055,Site Gamma - River Basin Basin Prep,Low,2026-08-02 11:09:47,90.0,74.4,75.6,24,2.61,Sunny,Expert,1.5,Completed
T0273,Grading,GRA046,OP057,Site Gamma - River Basin Basin Prep,Low,2026-08-02 11:51:47,90.0,87.5,83.9,28,3.54,Sunny,Intermediate,0.6,Completed
T0274,Earth Excavation,DOZ021,OP078,Site Gamma - River Basin Basin Prep,Medium,2026-08-02 12:33:47,60.0,104.8,105.4,14,1.23,Storm,Beginner,1.4,Completed
T0275,Earth Excavation,DOZ009,OP036,Site Beta - East Trenching Zone,High,2026-08-02 13:15:47,60.0,93.5,97.9,29,3.39,Rainy,Beginner,2.8,Completed
T0276,Grading,DOZ039,OP068,Site Alpha - Sector 1 Quarry,High,2026-08-02 13:57:47,90.0,136.4,128.9,25,4.07,Rainy,Beginner,1.5,Completed
T0277,Grading,DOZ033,OP078,Site Beta - East Trenching Zone,Critical,2026-08-02 14:39:47,90.0,113.1,104.6,23,4.1,Sunny,Beginner,3.2,Completed
T0278,Earth Excavation,DOZ045,OP015,Site Gamma - River Basin Basin Prep,Medium,2026-08-02 15:21:47,60.0,63.8,70.6,24,1.96,Cloudy,Intermediate,4.0,Completed
T0279,Grading,DUM029,OP030,Site Beta - North Overpass,Critical,2026-08-02 16:03:47,90.0,77.8,80.2,9,3.6,Sunny,Expert,1.0,Completed
T0280,Material Loading,COM030,OP052,Site Beta - East Trenching Zone,Critical,2026-08-02 16:45:47,45.0,44.6,48.9,24,2.87,Sunny,Intermediate,3.2,Completed
T0281,Compaction,EXC007,OP041,Site Alpha - Sector 4 Foundation,Critical,2026-08-02 17:27:47,50.0,50.4,47.1,13,3.6,Windy,Expert,3.2,Completed
T0282,Material Loading,EXC043,OP033,Site Beta - East Trenching Zone,High,2026-08-02 18:09:47,45.0,71.2,66.3,9,3.26,Storm,Intermediate,1.8,Completed
T0283,Trenching,WHE044,OP061,Site Alpha - Sector 4 Foundation,Low,2026-08-02 18:51:47,75.0,93.5,92.5,14,3.89,Rainy,Intermediate,1.2,Completed
T0284,Earth Excavation,COM006,OP012,Site Beta - North Overpass,Critical,2026-08-02 19:33:47,60.0,56.5,56.7,16,1.82,Sunny,Expert,4.5,Completed
T0285,Earth Excavation,COM048,OP095,Site Delta - Highway Interchange,High,2026-08-02 20:15:47,60.0,82.1,71.8,22,2.18,Windy,Beginner,3.9,Completed
T0286,Hauling,DOZ009,OP072,Site Beta - East Trenching Zone,Low,2026-08-02 20:57:47,40.0,44.1,40.4,11,3.62,Cloudy,Intermediate,2.8,Completed
T0287,Demolition,COM036,OP072,Site Alpha - Sector 1 Quarry,High,2026-08-02 21:39:47,110.0,119.0,118.0,27,0.91,Sunny,Intermediate,4.3,Completed
T0288,Compaction,WHE008,OP053,Site Alpha - Sector 1 Quarry,High,2026-08-02 22:21:47,50.0,81.2,90.4,11,2.69,Rainy,Beginner,6.4,Completed
T0289,Hauling,EXC043,OP097,Site Beta - East Trenching Zone,Critical,2026-08-02 23:03:47,40.0,41.5,46.0,15,0.61,Cloudy,Intermediate,1.8,Completed
T0290,Hauling,DUM047,OP007,Site Delta - Highway Interchange,High,2026-08-02 23:45:47,40.0,68.9,71.3,20,4.34,Rainy,Beginner,10.4,Completed
T0291,Demolition,WHE020,OP046,Site Alpha - Sector 4 Foundation,Low,2026-08-03 00:27:47,110.0,107.7,115.9,11,2.96,Windy,Expert,3.4,Completed
T0292,Demolition,DOZ033,OP028,Site Beta - East Trenching Zone,Medium,2026-08-03 01:09:47,110.0,146.1,147.3,15,1.43,Cloudy,Beginner,3.2,Completed
T0293,Compaction,EXC031,OP029,Site Delta - Highway Interchange,Low,2026-08-03 01:51:47,50.0,55.5,54.1,26,2.97,Rainy,Expert,2.5,Completed
T0294,Material Loading,COM036,OP048,Site Alpha - Sector 1 Quarry,Low,2026-08-03 02:33:47,45.0,53.1,51.9,19,1.58,Sunny,Beginner,4.3,Completed
T0295,Hauling,COM018,OP074,Site Gamma - River Basin Basin Prep,Medium,2026-08-03 03:15:47,40.0,42.1,41.6,8,2.17,Cloudy,Intermediate,1.2,Completed
T0296,Hauling,GRA028,OP072,Site Gamma - River Basin Basin Prep,Low,2026-08-03 03:57:47,40.0,41.3,46.7,8,1.57,Sunny,Intermediate,4.8,Completed
T0297,Demolition,EXC043,OP089,Site Beta - East Trenching Zone,High,2026-08-03 04:39:47,110.0,109.3,110.5,9,1.24,Sunny,Intermediate,1.8,Completed
T0298,Earth Excavation,COM012,OP035,Site Alpha - Sector 4 Foundation,High,2026-08-03 05:21:47,60.0,74.4,75.8,14,2.99,Windy,Beginner,1.6,Completed
T0299,Material Loading,DUM023,OP001,Site Gamma - River Basin Basin Prep,Medium,2026-08-03 06:03:47,45.0,43.8,44.7,27,1.54,Windy,Expert,4.9,Completed
T0300,Hauling,GRA010,OP073,Site Beta - East Trenching Zone,Critical,2026-08-03 06:45:47,40.0,53.5,59.5,17,1.14,Storm,Expert,3.4,Completed
T0301,Earth Excavation,GRA010,OP095,Site Beta - East Trenching Zone,Low,2026-08-03 07:27:47,60.0,80.2,76.3,16,1.24,Windy,Beginner,3.4,Completed
T0302,Earth Excavation,COM048,OP068,Site Delta - Highway Interchange,Medium,2026-08-03 08:09:47,60.0,74.0,72.1,9,2.38,Cloudy,Beginner,3.9,Completed
T0303,Grading,DOZ027,OP059,Site Gamma - River Basin Basin Prep,High,2026-08-03 08:51:47,90.0,116.5,107.1,29,0.99,Cloudy,Beginner,4.3,Completed
T0304,Trenching,COM024,OP040,Site Delta - Highway Interchange,High,2026-08-03 09:33:47,75.0,108.7,112.8,27,1.62,Rainy,Intermediate,10.9,Completed
T0305,Hauling,EXC037,OP077,Site Beta - North Overpass,Low,2026-08-03 10:15:47,40.0,40.6,42.7,22,2.67,Cloudy,Expert,6.0,Completed
T0306,Earth Excavation,GRA010,OP021,Site Beta - East Trenching Zone,Low,2026-08-03 10:57:47,60.0,64.8,64.7,17,2.25,Sunny,Intermediate,3.4,Completed
T0307,Compaction,COM006,OP035,Site Beta - North Overpass,Critical,2026-08-03 11:39:47,50.0,65.0,66.4,9,3.95,Cloudy,Beginner,4.5,Completed
T0308,Compaction,GRA028,OP063,Site Gamma - River Basin Basin Prep,Critical,2026-08-03 12:21:47,50.0,61.8,60.2,29,2.96,Sunny,Beginner,4.8,Completed
T0309,Grading,COM018,OP028,Site Gamma - River Basin Basin Prep,Low,2026-08-03 13:03:47,90.0,103.5,106.6,20,2.79,Cloudy,Beginner,1.2,Completed
T0310,Material Loading,GRA028,OP015,Site Gamma - River Basin Basin Prep,High,2026-08-03 13:45:47,45.0,73.0,77.6,11,3.38,Storm,Intermediate,4.8,Completed
T0311,Compaction,WHE044,OP076,Site Alpha - Sector 4 Foundation,Critical,2026-08-03 14:27:47,50.0,48.9,49.1,13,0.82,Sunny,Intermediate,1.2,Completed
T0312,Demolition,EXC043,OP040,Site Beta - East Trenching Zone,Low,2026-08-03 15:09:47,110.0,108.0,98.9,28,4.15,Sunny,Intermediate,1.8,Completed
T0313,Trenching,WHE026,OP077,Site Gamma - River Basin Basin Prep,Low,2026-08-03 15:51:47,75.0,66.3,73.0,16,2.2,Sunny,Expert,1.5,Completed
T0314,Earth Excavation,WHE014,OP039,Site Alpha - Sector 1 Quarry,Medium,2026-08-03 16:33:47,60.0,59.6,61.1,20,0.77,Windy,Expert,3.6,Completed
T0315,Hauling,DOZ009,OP098,Site Beta - East Trenching Zone,High,2026-08-03 17:15:47,40.0,37.2,37.1,22,0.52,Windy,Expert,2.8,Completed
T0316,Material Loading,DOZ021,OP016,Site Gamma - River Basin Basin Prep,Low,2026-08-03 17:57:47,45.0,53.1,53.7,8,3.16,Sunny,Beginner,1.4,Completed
T0317,Grading,COM048,OP056,Site Delta - Highway Interchange,Medium,2026-08-03 18:39:47,90.0,109.5,120.7,20,3.63,Rainy,Intermediate,3.9,Completed
T0318,Trenching,EXC025,OP069,Site Beta - North Overpass,Medium,2026-08-03 19:21:47,75.0,89.0,83.2,21,1.6,Sunny,Intermediate,9.2,Completed
T0319,Demolition,COM036,OP086,Site Alpha - Sector 1 Quarry,High,2026-08-03 20:03:47,110.0,109.9,109.3,18,2.61,Sunny,Intermediate,4.3,Completed
T0320,Earth Excavation,WHE026,OP095,Site Gamma - River Basin Basin Prep,Low,2026-08-03 20:45:47,60.0,92.6,86.7,16,0.54,Rainy,Beginner,1.5,Completed
T0321,Grading,WHE002,OP059,Site Alpha - Sector 1 Quarry,Low,2026-08-03 21:27:47,90.0,129.4,148.2,13,2.15,Rainy,Beginner,1.1,Completed
T0322,Hauling,DOZ021,OP074,Site Gamma - River Basin Basin Prep,Critical,2026-08-03 22:09:47,40.0,47.5,48.7,25,3.78,Rainy,Intermediate,1.4,Completed
T0323,Demolition,WHE026,OP091,Site Gamma - River Basin Basin Prep,Critical,2026-08-03 22:51:47,110.0,100.8,103.5,11,2.82,Sunny,Intermediate,1.5,Completed
T0324,Material Loading,WHE008,OP052,Site Alpha - Sector 1 Quarry,Low,2026-08-03 23:33:47,45.0,48.5,50.9,22,1.55,Sunny,Intermediate,6.4,Completed
T0325,Material Loading,DUM011,OP080,Site Delta - Highway Interchange,Critical,2026-08-04 00:15:47,45.0,44.4,45.8,12,3.62,Sunny,Intermediate,0.6,Completed
T0326,Hauling,DOZ045,OP047,Site Gamma - River Basin Basin Prep,Low,2026-08-04 00:57:47,40.0,40.4,38.8,11,1.59,Sunny,Intermediate,4.0,Completed
T0327,Grading,EXC007,OP032,Site Alpha - Sector 4 Foundation,Critical,2026-08-04 01:39:47,90.0,97.4,92.9,28,3.44,Cloudy,Intermediate,3.2,Completed
T0328,Demolition,WHE026,OP068,Site Gamma - River Basin Basin Prep,Low,2026-08-04 02:21:47,110.0,132.3,142.4,12,1.74,Windy,Beginner,1.5,Completed
T0329,Grading,WHE020,OP096,Site Alpha - Sector 4 Foundation,High,2026-08-04 03:03:47,90.0,106.4,100.3,8,1.71,Rainy,Expert,3.4,Completed
T0330,Trenching,GRA022,OP100,Site Alpha - Sector 4 Foundation,Medium,2026-08-04 03:45:47,75.0,90.4,90.9,12,3.18,Cloudy,Beginner,0.8,Completed
T0331,Earth Excavation,DOZ033,OP082,Site Beta - East Trenching Zone,Low,2026-08-04 04:27:47,60.0,57.6,51.3,29,1.61,Windy,Expert,3.2,Completed
T0332,Demolition,DOZ033,OP025,Site Beta - East Trenching Zone,High,2026-08-04 05:09:47,110.0,130.6,124.9,27,1.34,Windy,Intermediate,3.2,Completed
T0333,Material Loading,DUM047,OP083,Site Delta - Highway Interchange,Medium,2026-08-04 05:51:47,45.0,60.5,67.4,8,1.82,Sunny,Beginner,10.4,Completed
T0334,Trenching,EXC007,OP019,Site Alpha - Sector 4 Foundation,High,2026-08-04 06:33:47,75.0,115.6,108.2,17,3.0,Rainy,Beginner,3.2,Completed
T0335,Trenching,COM012,OP078,Site Alpha - Sector 4 Foundation,Medium,2026-08-04 07:15:47,75.0,86.1,86.9,18,1.41,Sunny,Beginner,1.6,Completed
T0336,Hauling,EXC049,OP084,Site Alpha - Sector 4 Foundation,Low,2026-08-04 07:57:47,40.0,51.3,52.0,22,3.47,Sunny,Beginner,6.5,Completed
T0337,Trenching,WHE050,OP081,Site Alpha - Sector 1 Quarry,Critical,2026-08-04 08:39:47,75.0,80.7,88.7,8,2.16,Sunny,Intermediate,5.4,Completed
T0338,Grading,EXC049,OP073,Site Alpha - Sector 4 Foundation,Critical,2026-08-04 09:21:47,90.0,89.3,97.9,8,1.24,Windy,Expert,6.5,Completed
T0339,Compaction,EXC037,OP083,Site Beta - North Overpass,High,2026-08-04 10:03:47,50.0,69.9,65.9,23,4.27,Cloudy,Beginner,6.0,Completed
T0340,Hauling,DUM041,OP041,Site Alpha - Sector 4 Foundation,Medium,2026-08-04 10:45:47,40.0,46.6,43.0,14,0.99,Rainy,Expert,3.2,Completed
T0341,Grading,DUM005,OP061,Site Beta - North Overpass,Critical,2026-08-04 11:27:47,90.0,109.3,108.4,24,3.18,Sunny,Intermediate,10.8,Completed
T0342,Compaction,WHE020,OP036,Site Alpha - Sector 4 Foundation,Low,2026-08-04 12:09:47,50.0,79.2,83.6,10,2.7,Rainy,Beginner,3.4,Completed
T0343,Material Loading,DOZ033,OP010,Site Beta - East Trenching Zone,High,2026-08-04 12:51:47,45.0,46.1,49.4,29,3.37,Sunny,Intermediate,3.2,Completed
T0344,Grading,DUM029,OP005,Site Beta - North Overpass,Low,2026-08-04 13:33:47,90.0,129.5,129.1,23,1.23,Rainy,Beginner,1.0,Completed
T0345,Material Loading,EXC019,OP010,Site Gamma - River Basin Basin Prep,Low,2026-08-04 14:15:47,45.0,45.3,47.8,26,3.76,Cloudy,Intermediate,4.5,Completed
T0346,Demolition,DOZ039,OP065,Site Alpha - Sector 1 Quarry,Critical,2026-08-04 14:57:47,110.0,132.0,126.2,21,1.99,Sunny,Beginner,1.5,Completed
T0347,Grading,WHE038,OP071,Site Gamma - River Basin Basin Prep,Low,2026-08-04 15:39:47,90.0,120.3,122.8,11,3.88,Cloudy,Beginner,6.6,Completed
T0348,Grading,EXC037,OP084,Site Beta - North Overpass,Medium,2026-08-04 16:21:47,90.0,121.2,105.6,20,3.7,Cloudy,Beginner,6.0,Completed
T0349,Material Loading,DOZ039,OP061,Site Alpha - Sector 1 Quarry,Medium,2026-08-04 17:03:47,45.0,45.6,48.6,29,3.39,Sunny,Intermediate,1.5,Completed
T0350,Earth Excavation,DUM029,OP014,Site Beta - North Overpass,High,2026-08-04 17:45:47,60.0,58.4,60.8,27,0.59,Sunny,Intermediate,1.0,Completed
T0351,Compaction,COM006,OP065,Site Beta - North Overpass,Medium,2026-08-04 18:27:47,50.0,61.7,61.0,9,3.11,Sunny,Beginner,4.5,Completed
T0352,Earth Excavation,GRA016,OP091,Site Delta - Highway Interchange,Critical,2026-08-04 19:09:47,60.0,71.4,60.9,22,0.6,Windy,Intermediate,3.2,Completed
T0353,Grading,GRA034,OP067,Site Alpha - Sector 4 Foundation,Medium,2026-08-04 19:51:47,90.0,95.3,91.9,23,3.48,Cloudy,Intermediate,0.8,Completed
T0354,Material Loading,COM024,OP037,Site Delta - Highway Interchange,Critical,2026-08-04 20:33:47,45.0,64.9,59.1,12,1.25,Sunny,Beginner,10.9,Completed
T0355,Grading,WHE050,OP044,Site Alpha - Sector 1 Quarry,Low,2026-08-04 21:15:47,90.0,88.6,88.8,13,3.47,Cloudy,Expert,5.4,Completed
T0356,Hauling,DUM041,OP083,Site Alpha - Sector 4 Foundation,High,2026-08-04 21:57:47,40.0,50.6,55.0,11,3.9,Cloudy,Beginner,3.2,Completed
T0357,Earth Excavation,GRA022,OP013,Site Alpha - Sector 4 Foundation,Critical,2026-08-04 22:39:47,60.0,48.8,55.7,20,3.32,Sunny,Expert,0.8,Completed
T0358,Material Loading,DUM017,OP093,Site Alpha - Sector 1 Quarry,Medium,2026-08-04 23:21:47,45.0,52.5,55.4,20,1.28,Sunny,Beginner,1.7,Completed
T0359,Material Loading,COM006,OP075,Site Beta - North Overpass,Medium,2026-08-05 00:03:47,45.0,49.4,46.0,22,2.69,Cloudy,Intermediate,4.5,Completed
T0360,Material Loading,WHE020,OP084,Site Alpha - Sector 4 Foundation,Critical,2026-08-05 00:45:47,45.0,50.9,59.5,25,4.33,Sunny,Beginner,3.4,Completed
T0361,Trenching,DOZ039,OP091,Site Alpha - Sector 1 Quarry,Low,2026-08-05 01:27:47,75.0,79.8,70.7,10,4.25,Cloudy,Intermediate,1.5,Completed
T0362,Material Loading,COM036,OP049,Site Alpha - Sector 1 Quarry,High,2026-08-05 02:09:47,45.0,53.1,56.9,28,3.25,Sunny,Beginner,4.3,Completed
T0363,Hauling,DOZ009,OP086,Site Beta - East Trenching Zone,Low,2026-08-05 02:51:47,40.0,42.1,40.2,14,3.58,Sunny,Intermediate,2.8,Completed
T0364,Compaction,EXC043,OP055,Site Beta - East Trenching Zone,High,2026-08-05 03:33:47,50.0,67.0,63.6,27,3.57,Storm,Expert,1.8,Completed
T0365,Earth Excavation,COM024,OP040,Site Delta - Highway Interchange,Medium,2026-08-05 04:15:47,60.0,66.9,71.6,12,1.46,Sunny,Intermediate,10.9,Completed
T0366,Trenching,GRA022,OP099,Site Alpha - Sector 4 Foundation,Critical,2026-08-05 04:57:47,75.0,85.5,79.3,25,3.61,Sunny,Beginner,0.8,Completed
T0367,Trenching,DOZ015,OP018,Site Delta - Highway Interchange,Medium,2026-08-05 05:39:47,75.0,70.2,71.0,14,4.48,Cloudy,Expert,2.7,Completed
T0368,Earth Excavation,EXC019,OP013,Site Gamma - River Basin Basin Prep,Low,2026-08-05 06:21:47,60.0,57.0,57.2,29,3.3,Sunny,Expert,4.5,Completed
T0369,Compaction,GRA022,OP099,Site Alpha - Sector 4 Foundation,Medium,2026-08-05 07:03:47,50.0,55.5,53.8,10,2.74,Sunny,Beginner,0.8,Completed
T0370,Demolition,EXC025,OP020,Site Beta - North Overpass,Medium,2026-08-05 07:45:47,110.0,173.3,169.5,18,1.88,Storm,Expert,9.2,Completed
T0371,Trenching,DOZ045,OP099,Site Gamma - River Basin Basin Prep,Medium,2026-08-05 08:27:47,75.0,93.1,93.1,23,1.68,Sunny,Beginner,4.0,Completed
T0372,Compaction,DUM029,OP006,Site Beta - North Overpass,Critical,2026-08-05 09:09:47,50.0,41.1,38.6,22,2.5,Sunny,Expert,1.0,Completed
T0373,Material Loading,WHE044,OP093,Site Alpha - Sector 4 Foundation,Medium,2026-08-05 09:51:47,45.0,54.6,51.1,11,4.46,Sunny,Beginner,1.2,Completed
T0374,Grading,GRA040,OP037,Site Gamma - River Basin Basin Prep,Critical,2026-08-05 10:33:47,90.0,116.2,122.8,18,2.77,Windy,Beginner,1.3,Completed
T0375,Trenching,DUM035,OP031,Site Beta - North Overpass,High,2026-08-05 11:15:47,75.0,76.9,69.8,9,1.8,Sunny,Intermediate,3.2,Completed
T0376,Hauling,EXC031,OP025,Site Delta - Highway Interchange,High,2026-08-05 11:57:47,40.0,63.0,60.5,19,2.43,Storm,Intermediate,2.5,Completed
T0377,Compaction,EXC037,OP057,Site Beta - North Overpass,Critical,2026-08-05 12:39:47,50.0,67.3,76.3,21,0.62,Rainy,Intermediate,6.0,Completed
T0378,Hauling,EXC019,OP100,Site Gamma - River Basin Basin Prep,Critical,2026-08-05 13:21:47,40.0,52.5,52.1,25,0.85,Cloudy,Beginner,4.5,Completed
T0379,Demolition,GRA034,OP054,Site Alpha - Sector 4 Foundation,Medium,2026-08-05 14:03:47,110.0,127.9,138.8,16,0.69,Sunny,Beginner,0.8,Completed
T0380,Hauling,EXC013,OP078,Site Beta - East Trenching Zone,Medium,2026-08-05 14:45:47,40.0,56.1,52.0,8,1.14,Windy,Beginner,3.2,Completed
T0381,Hauling,DUM017,OP007,Site Alpha - Sector 1 Quarry,Critical,2026-08-05 15:27:47,40.0,50.1,53.4,21,1.1,Cloudy,Beginner,1.7,Completed
T0382,Hauling,COM024,OP071,Site Delta - Highway Interchange,Low,2026-08-05 16:09:47,40.0,71.6,71.2,29,3.21,Rainy,Beginner,10.9,Completed
T0383,Compaction,GRA034,OP016,Site Alpha - Sector 4 Foundation,High,2026-08-05 16:51:47,50.0,88.3,78.3,20,1.03,Storm,Beginner,0.8,Completed
T0384,Earth Excavation,EXC049,OP021,Site Alpha - Sector 4 Foundation,High,2026-08-05 17:33:47,60.0,82.3,80.4,18,2.83,Rainy,Intermediate,6.5,Completed
T0385,Grading,DOZ033,OP019,Site Beta - East Trenching Zone,Critical,2026-08-05 18:15:47,90.0,110.9,109.8,15,1.35,Sunny,Beginner,3.2,Completed
T0386,Earth Excavation,DOZ015,OP058,Site Delta - Highway Interchange,High,2026-08-05 18:57:47,60.0,60.1,62.3,21,3.1,Sunny,Intermediate,2.7,Completed
T0387,Earth Excavation,DOZ027,OP007,Site Gamma - River Basin Basin Prep,Critical,2026-08-05 19:39:47,60.0,94.3,95.2,23,1.94,Rainy,Beginner,4.3,Completed
T0388,Demolition,COM024,OP031,Site Delta - Highway Interchange,Critical,2026-08-05 20:21:47,110.0,131.8,130.6,26,0.52,Sunny,Intermediate,10.9,Completed
T0389,Earth Excavation,COM024,OP029,Site Delta - Highway Interchange,Low,2026-08-05 21:03:47,60.0,94.2,90.8,15,4.26,Storm,Expert,10.9,Completed
T0390,Material Loading,EXC007,OP092,Site Alpha - Sector 4 Foundation,High,2026-08-05 21:45:47,45.0,54.7,55.4,28,4.4,Sunny,Beginner,3.2,Completed
T0391,Hauling,GRA010,OP018,Site Beta - East Trenching Zone,Low,2026-08-05 22:27:47,40.0,47.7,44.8,26,2.66,Rainy,Expert,3.4,Completed
T0392,Material Loading,EXC031,OP090,Site Delta - Highway Interchange,Medium,2026-08-05 23:09:47,45.0,36.9,42.9,27,0.63,Sunny,Expert,2.5,Completed
T0393,Hauling,GRA046,OP061,Site Gamma - River Basin Basin Prep,Critical,2026-08-05 23:51:47,40.0,56.6,60.6,15,0.87,Storm,Intermediate,0.6,Completed
T0394,Demolition,EXC001,OP011,Site Alpha - Sector 4 Foundation,Low,2026-08-06 00:33:47,110.0,126.1,141.3,17,1.45,Sunny,Beginner,2.4,Completed
T0395,Material Loading,WHE014,OP020,Site Alpha - Sector 1 Quarry,Critical,2026-08-06 01:15:47,45.0,41.1,41.2,12,1.1,Sunny,Expert,3.6,Completed
T0396,Earth Excavation,WHE050,OP037,Site Alpha - Sector 1 Quarry,Medium,2026-08-06 01:57:47,60.0,71.3,77.9,29,2.39,Sunny,Beginner,5.4,Completed
T0397,Material Loading,WHE008,OP007,Site Alpha - Sector 1 Quarry,Medium,2026-08-06 02:39:47,45.0,65.4,60.8,12,2.36,Windy,Beginner,6.4,Completed
T0398,Grading,DUM041,OP080,Site Alpha - Sector 4 Foundation,Critical,2026-08-06 03:21:47,90.0,91.9,87.3,19,1.52,Sunny,Intermediate,3.2,Completed
T0399,Earth Excavation,WHE008,OP064,Site Alpha - Sector 1 Quarry,Low,2026-08-06 04:03:47,60.0,78.3,79.3,17,3.77,Cloudy,Beginner,6.4,Completed
T0400,Compaction,DOZ033,OP074,Site Beta - East Trenching Zone,Medium,2026-08-06 04:45:47,50.0,53.2,53.9,20,1.82,Cloudy,Intermediate,3.2,Completed
T0401,Compaction,GRA010,OP038,Site Beta - East Trenching Zone,Critical,2026-08-06 05:27:47,50.0,53.6,57.3,17,1.69,Cloudy,Intermediate,3.4,Completed
T0402,Earth Excavation,GRA040,OP046,Site Gamma - River Basin Basin Prep,Medium,2026-08-06 06:09:47,60.0,77.7,78.6,16,4.26,Storm,Expert,1.3,Completed
T0403,Demolition,DOZ027,OP024,Site Gamma - River Basin Basin Prep,Low,2026-08-06 06:51:47,110.0,104.9,113.0,16,2.42,Cloudy,Expert,4.3,Completed
T0404,Demolition,COM024,OP009,Site Delta - Highway Interchange,Low,2026-08-06 07:33:47,110.0,148.5,155.2,10,3.68,Sunny,Beginner,10.9,Completed
T0405,Grading,EXC031,OP006,Site Delta - Highway Interchange,Critical,2026-08-06 08:15:47,90.0,83.7,89.0,15,1.21,Sunny,Expert,2.5,Completed
T0406,Material Loading,DUM017,OP096,Site Alpha - Sector 1 Quarry,Low,2026-08-06 08:57:47,45.0,42.0,35.8,29,1.34,Cloudy,Expert,1.7,Completed
T0407,Material Loading,DUM005,OP045,Site Beta - North Overpass,Medium,2026-08-06 09:39:47,45.0,65.0,63.7,13,0.94,Cloudy,Beginner,10.8,Completed
T0408,Compaction,EXC043,OP081,Site Beta - East Trenching Zone,Low,2026-08-06 10:21:47,50.0,64.8,61.1,10,1.15,Rainy,Intermediate,1.8,Completed
T0409,Hauling,WHE038,OP095,Site Gamma - River Basin Basin Prep,High,2026-08-06 11:03:47,40.0,64.1,70.1,15,2.69,Rainy,Beginner,6.6,Completed
T0410,Trenching,DOZ003,OP046,Site Alpha - Sector 4 Foundation,High,2026-08-06 11:45:47,75.0,64.7,66.9,17,1.91,Sunny,Expert,2.4,Completed
T0411,Hauling,COM042,OP023,Site Alpha - Sector 1 Quarry,Critical,2026-08-06 12:27:47,40.0,59.6,54.5,12,1.12,Rainy,Beginner,0.7,Completed
T0412,Compaction,EXC031,OP081,Site Delta - Highway Interchange,Medium,2026-08-06 13:09:47,50.0,51.0,51.3,27,1.42,Sunny,Intermediate,2.5,Completed
T0413,Hauling,DOZ009,OP009,Site Beta - East Trenching Zone,Critical,2026-08-06 13:51:47,40.0,47.4,51.0,20,1.35,Cloudy,Beginner,2.8,Completed
T0414,Earth Excavation,EXC019,OP026,Site Gamma - River Basin Basin Prep,Low,2026-08-06 14:33:47,60.0,61.4,60.3,15,4.18,Sunny,Intermediate,4.5,Completed
T0415,Hauling,EXC013,OP006,Site Beta - East Trenching Zone,High,2026-08-06 15:15:47,40.0,47.1,47.7,14,0.43,Rainy,Expert,3.2,Completed
T0416,Material Loading,DOZ033,OP051,Site Beta - East Trenching Zone,Critical,2026-08-06 15:57:47,45.0,58.9,54.7,29,2.16,Cloudy,Beginner,3.2,Completed
T0417,Material Loading,DOZ003,OP097,Site Alpha - Sector 4 Foundation,Medium,2026-08-06 16:39:47,45.0,58.7,53.3,20,3.17,Rainy,Intermediate,2.4,Completed
T0418,Material Loading,DUM023,OP100,Site Gamma - River Basin Basin Prep,Low,2026-08-06 17:21:47,45.0,58.3,56.0,27,2.49,Cloudy,Beginner,4.9,Completed
T0419,Hauling,COM042,OP043,Site Alpha - Sector 1 Quarry,High,2026-08-06 18:03:47,40.0,35.0,35.6,8,3.9,Sunny,Expert,0.7,Completed
T0420,Earth Excavation,COM024,OP056,Site Delta - Highway Interchange,Critical,2026-08-06 18:45:47,60.0,70.3,70.7,22,2.31,Sunny,Intermediate,10.9,Completed
T0421,Compaction,DUM029,OP050,Site Beta - North Overpass,High,2026-08-06 19:27:47,50.0,50.8,47.6,19,1.96,Sunny,Intermediate,1.0,Completed
T0422,Trenching,WHE032,OP089,Site Beta - East Trenching Zone,Critical,2026-08-06 20:09:47,75.0,77.2,82.0,18,3.07,Windy,Intermediate,0.7,Completed
T0423,Material Loading,GRA034,OP035,Site Alpha - Sector 4 Foundation,Low,2026-08-06 20:51:47,45.0,65.5,63.3,15,4.21,Rainy,Beginner,0.8,Completed
T0424,Compaction,GRA028,OP011,Site Gamma - River Basin Basin Prep,Critical,2026-08-06 21:33:47,50.0,63.5,59.4,26,2.55,Sunny,Beginner,4.8,Completed
T0425,Demolition,COM012,OP070,Site Alpha - Sector 4 Foundation,High,2026-08-06 22:15:47,110.0,135.2,137.9,24,1.76,Sunny,Beginner,1.6,Completed
T0426,Material Loading,EXC007,OP011,Site Alpha - Sector 4 Foundation,High,2026-08-06 22:57:47,45.0,59.3,61.2,13,1.61,Cloudy,Beginner,3.2,Completed
T0427,Compaction,EXC019,OP040,Site Gamma - River Basin Basin Prep,Critical,2026-08-06 23:39:47,50.0,56.9,57.4,29,1.54,Cloudy,Intermediate,4.5,Completed
T0428,Demolition,GRA046,OP055,Site Gamma - River Basin Basin Prep,Medium,2026-08-07 00:21:47,110.0,140.1,149.3,10,0.98,Storm,Expert,0.6,Completed
T0429,Compaction,DUM029,OP045,Site Beta - North Overpass,Critical,2026-08-07 01:03:47,50.0,57.4,60.0,23,3.82,Sunny,Beginner,1.0,Completed
T0430,Earth Excavation,DUM047,OP046,Site Delta - Highway Interchange,Critical,2026-08-07 01:45:47,60.0,63.0,57.5,16,1.38,Sunny,Expert,10.4,Completed
T0431,Material Loading,DUM041,OP008,Site Alpha - Sector 4 Foundation,Low,2026-08-07 02:27:47,45.0,40.5,36.4,20,2.23,Sunny,Expert,3.2,Completed
T0432,Compaction,DUM041,OP052,Site Alpha - Sector 4 Foundation,High,2026-08-07 03:09:47,50.0,54.6,49.0,17,4.11,Cloudy,Intermediate,3.2,Completed
T0433,Demolition,COM048,OP087,Site Delta - Highway Interchange,Medium,2026-08-07 03:51:47,110.0,113.4,121.4,12,0.87,Sunny,Intermediate,3.9,Completed
T0434,Earth Excavation,GRA010,OP078,Site Beta - East Trenching Zone,Critical,2026-08-07 04:33:47,60.0,73.9,71.4,22,2.05,Sunny,Beginner,3.4,Completed
T0435,Earth Excavation,DOZ009,OP009,Site Beta - East Trenching Zone,Medium,2026-08-07 05:15:47,60.0,74.9,75.4,8,2.2,Cloudy,Beginner,2.8,Completed
T0436,Hauling,COM042,OP047,Site Alpha - Sector 1 Quarry,High,2026-08-07 05:57:47,40.0,39.9,41.4,27,3.81,Cloudy,Intermediate,0.7,Completed
T0437,Grading,EXC037,OP005,Site Beta - North Overpass,Medium,2026-08-07 06:39:47,90.0,123.8,124.5,13,3.2,Cloudy,Beginner,6.0,Completed
T0438,Compaction,DUM029,OP048,Site Beta - North Overpass,High,2026-08-07 07:21:47,50.0,59.7,60.3,12,1.86,Cloudy,Beginner,1.0,Completed
T0439,Grading,EXC049,OP010,Site Alpha - Sector 4 Foundation,Medium,2026-08-07 08:03:47,90.0,98.5,101.9,10,2.72,Sunny,Intermediate,6.5,Completed
T0440,Demolition,COM024,OP051,Site Delta - Highway Interchange,High,2026-08-07 08:45:47,110.0,154.1,156.0,27,0.44,Sunny,Beginner,10.9,Completed
T0441,Compaction,COM018,OP032,Site Gamma - River Basin Basin Prep,Low,2026-08-07 09:27:47,50.0,48.8,47.0,20,0.71,Sunny,Intermediate,1.2,Completed
T0442,Earth Excavation,COM048,OP024,Site Delta - Highway Interchange,Critical,2026-08-07 10:09:47,60.0,57.9,62.1,12,0.68,Cloudy,Expert,3.9,Completed
T0443,Demolition,EXC025,OP072,Site Beta - North Overpass,Low,2026-08-07 10:51:47,110.0,127.2,111.9,18,2.58,Sunny,Intermediate,9.2,Completed
T0444,Material Loading,WHE050,OP034,Site Alpha - Sector 1 Quarry,Critical,2026-08-07 11:33:47,45.0,62.2,58.3,29,2.14,Rainy,Intermediate,5.4,Completed
T0445,Trenching,GRA040,OP037,Site Gamma - River Basin Basin Prep,Critical,2026-08-07 12:15:47,75.0,87.5,79.3,27,0.51,Sunny,Beginner,1.3,Completed
T0446,Trenching,WHE008,OP018,Site Alpha - Sector 1 Quarry,Low,2026-08-07 12:57:47,75.0,111.3,95.9,8,1.44,Storm,Expert,6.4,Completed
T0447,Grading,COM012,OP092,Site Alpha - Sector 4 Foundation,Critical,2026-08-07 13:39:47,90.0,134.5,134.8,24,0.71,Rainy,Beginner,1.6,Completed
T0448,Earth Excavation,WHE044,OP041,Site Alpha - Sector 4 Foundation,High,2026-08-07 14:21:47,60.0,47.5,47.2,24,1.75,Sunny,Expert,1.2,Completed
T0449,Compaction,DUM005,OP071,Site Beta - North Overpass,High,2026-08-07 15:03:47,50.0,84.7,88.7,21,1.15,Rainy,Beginner,10.8,Completed
T0450,Material Loading,DUM011,OP092,Site Delta - Highway Interchange,Medium,2026-08-07 15:45:47,45.0,56.6,58.4,20,2.28,Windy,Beginner,0.6,Completed
T0451,Hauling,COM024,OP066,Site Delta - Highway Interchange,Medium,2026-08-07 16:27:47,40.0,44.8,51.9,29,0.71,Sunny,Intermediate,10.9,Completed
T0452,Earth Excavation,EXC013,OP018,Site Beta - East Trenching Zone,Medium,2026-08-07 17:09:47,60.0,71.7,73.4,27,1.42,Rainy,Expert,3.2,Completed
T0453,Hauling,WHE032,OP004,Site Beta - East Trenching Zone,High,2026-08-07 17:51:47,40.0,44.9,44.0,21,3.86,Sunny,Beginner,0.7,Completed
T0454,Demolition,EXC037,OP048,Site Beta - North Overpass,Critical,2026-08-07 18:33:47,110.0,151.2,154.4,18,0.58,Cloudy,Beginner,6.0,Completed
T0455,Hauling,COM036,OP017,Site Alpha - Sector 1 Quarry,Low,2026-08-07 19:15:47,40.0,49.8,50.4,10,2.05,Sunny,Beginner,4.3,Completed
T0456,Earth Excavation,WHE020,OP051,Site Alpha - Sector 4 Foundation,Critical,2026-08-07 19:57:47,60.0,76.8,75.3,24,4.09,Cloudy,Beginner,3.4,Completed
T0457,Demolition,DOZ027,OP099,Site Gamma - River Basin Basin Prep,Critical,2026-08-07 20:39:47,110.0,150.3,144.4,13,3.17,Windy,Beginner,4.3,Completed
T0458,Hauling,EXC037,OP010,Site Beta - North Overpass,Medium,2026-08-07 21:21:47,40.0,42.3,41.9,11,2.68,Sunny,Intermediate,6.0,Completed
T0459,Material Loading,COM042,OP010,Site Alpha - Sector 1 Quarry,Critical,2026-08-07 22:03:47,45.0,43.5,45.7,9,2.68,Cloudy,Intermediate,0.7,Completed
T0460,Grading,WHE044,OP067,Site Alpha - Sector 4 Foundation,High,2026-08-07 22:45:47,90.0,95.7,84.5,16,1.68,Windy,Intermediate,1.2,Completed
T0461,Trenching,WHE050,OP071,Site Alpha - Sector 1 Quarry,Medium,2026-08-07 23:27:47,75.0,98.7,95.3,23,2.05,Sunny,Beginner,5.4,Completed
T0462,Hauling,DOZ009,OP056,Site Beta - East Trenching Zone,Low,2026-08-08 00:09:47,40.0,42.6,41.5,14,3.4,Cloudy,Intermediate,2.8,Completed
T0463,Hauling,WHE008,OP067,Site Alpha - Sector 1 Quarry,Medium,2026-08-08 00:51:47,40.0,54.6,53.7,13,4.27,Rainy,Intermediate,6.4,Completed
T0464,Material Loading,DUM011,OP021,Site Delta - Highway Interchange,High,2026-08-08 01:33:47,45.0,50.0,48.1,13,1.43,Windy,Intermediate,0.6,Completed
T0465,Compaction,DOZ015,OP045,Site Delta - Highway Interchange,High,2026-08-08 02:15:47,50.0,61.7,63.4,12,4.1,Cloudy,Beginner,2.7,Completed
T0466,Hauling,COM006,OP033,Site Beta - North Overpass,Medium,2026-08-08 02:57:47,40.0,42.7,47.5,17,0.43,Cloudy,Intermediate,4.5,Completed
T0467,Compaction,COM036,OP036,Site Alpha - Sector 1 Quarry,Medium,2026-08-08 03:39:47,50.0,61.2,57.6,29,3.76,Sunny,Beginner,4.3,Completed
T0468,Compaction,WHE020,OP079,Site Alpha - Sector 4 Foundation,Low,2026-08-08 04:21:47,50.0,43.3,44.6,18,2.26,Sunny,Expert,3.4,Completed
T0469,Demolition,COM042,OP022,Site Alpha - Sector 1 Quarry,Medium,2026-08-08 05:03:47,110.0,86.6,93.6,16,1.21,Sunny,Expert,0.7,Completed
T0470,Trenching,EXC043,OP080,Site Beta - East Trenching Zone,High,2026-08-08 05:45:47,75.0,93.4,103.3,9,1.1,Rainy,Intermediate,1.8,Completed
T0471,Hauling,EXC037,OP006,Site Beta - North Overpass,Low,2026-08-08 06:27:47,40.0,50.5,51.1,21,2.01,Rainy,Expert,6.0,Completed
T0472,Earth Excavation,DOZ003,OP083,Site Alpha - Sector 4 Foundation,High,2026-08-08 07:09:47,60.0,69.3,66.6,10,1.36,Sunny,Beginner,2.4,Completed
T0473,Compaction,WHE014,OP099,Site Alpha - Sector 1 Quarry,Critical,2026-08-08 07:51:47,50.0,60.5,58.6,9,4.2,Sunny,Beginner,3.6,Completed
T0474,Demolition,DUM041,OP004,Site Alpha - Sector 4 Foundation,Critical,2026-08-08 08:33:47,110.0,135.3,136.0,24,0.44,Sunny,Beginner,3.2,Completed
T0475,Compaction,DUM035,OP038,Site Beta - North Overpass,High,2026-08-08 09:15:47,50.0,62.9,68.1,19,1.69,Rainy,Intermediate,3.2,Completed
T0476,Grading,GRA016,OP088,Site Delta - Highway Interchange,Critical,2026-08-08 09:57:47,90.0,92.9,82.4,11,4.39,Sunny,Intermediate,3.2,Completed
T0477,Material Loading,COM030,OP010,Site Beta - East Trenching Zone,Low,2026-08-08 10:39:47,45.0,47.5,53.3,15,4.11,Windy,Intermediate,3.2,Completed
T0478,Trenching,DUM029,OP054,Site Beta - North Overpass,Critical,2026-08-08 11:21:47,75.0,85.2,84.2,19,2.08,Sunny,Beginner,1.0,Completed
T0479,Grading,WHE014,OP044,Site Alpha - Sector 1 Quarry,Medium,2026-08-08 12:03:47,90.0,80.0,71.8,11,3.75,Sunny,Expert,3.6,Completed
T0480,Material Loading,GRA046,OP041,Site Gamma - River Basin Basin Prep,High,2026-08-08 12:45:47,45.0,49.4,51.4,23,1.76,Rainy,Expert,0.6,Completed
T0481,Grading,DOZ009,OP098,Site Beta - East Trenching Zone,High,2026-08-08 13:27:47,90.0,93.6,91.3,10,2.39,Windy,Expert,2.8,Completed
T0482,Demolition,COM036,OP014,Site Alpha - Sector 1 Quarry,High,2026-08-08 14:09:47,110.0,116.3,110.5,28,3.7,Sunny,Intermediate,4.3,Completed
T0483,Trenching,COM030,OP016,Site Beta - East Trenching Zone,High,2026-08-08 14:51:47,75.0,89.7,85.0,13,1.82,Sunny,Beginner,3.2,Completed
T0484,Grading,GRA016,OP019,Site Delta - Highway Interchange,Low,2026-08-08 15:33:47,90.0,105.7,118.7,29,0.54,Sunny,Beginner,3.2,Completed
T0485,Earth Excavation,EXC019,OP050,Site Gamma - River Basin Basin Prep,Critical,2026-08-08 16:15:47,60.0,61.4,59.0,29,1.47,Sunny,Intermediate,4.5,Completed
T0486,Trenching,DUM011,OP042,Site Delta - Highway Interchange,High,2026-08-08 16:57:47,75.0,86.9,83.7,13,3.99,Sunny,Beginner,0.6,Completed
T0487,Trenching,EXC049,OP021,Site Alpha - Sector 4 Foundation,Critical,2026-08-08 17:39:47,75.0,83.0,87.2,25,2.03,Cloudy,Intermediate,6.5,Completed
T0488,Demolition,COM030,OP064,Site Beta - East Trenching Zone,High,2026-08-08 18:21:47,110.0,139.9,139.7,11,1.51,Sunny,Beginner,3.2,Completed
T0489,Grading,WHE002,OP012,Site Alpha - Sector 1 Quarry,Critical,2026-08-08 19:03:47,90.0,103.2,96.6,26,4.44,Rainy,Expert,1.1,Completed
T0490,Demolition,COM030,OP031,Site Beta - East Trenching Zone,Medium,2026-08-08 19:45:47,110.0,113.1,120.1,9,1.75,Sunny,Intermediate,3.2,Completed
T0491,Demolition,DUM023,OP007,Site Gamma - River Basin Basin Prep,Low,2026-08-08 20:27:47,110.0,135.2,131.4,28,2.16,Sunny,Beginner,4.9,Completed
T0492,Material Loading,WHE032,OP077,Site Beta - East Trenching Zone,Critical,2026-08-08 21:09:47,45.0,37.8,36.3,14,0.47,Sunny,Expert,0.7,Completed
T0493,Material Loading,DUM035,OP002,Site Beta - North Overpass,Low,2026-08-08 21:51:47,45.0,59.9,57.3,9,2.87,Windy,Beginner,3.2,Completed
T0494,Grading,DOZ009,OP034,Site Beta - East Trenching Zone,High,2026-08-08 22:33:47,90.0,93.7,88.8,25,3.16,Sunny,Intermediate,2.8,Completed
T0495,Hauling,WHE026,OP047,Site Gamma - River Basin Basin Prep,Low,2026-08-08 23:15:47,40.0,41.1,42.9,24,4.27,Cloudy,Intermediate,1.5,Completed
T0496,Grading,GRA004,OP073,Site Beta - North Overpass,Medium,2026-08-08 23:57:47,90.0,80.3,87.3,16,3.07,Sunny,Expert,4.9,Completed
T0497,Material Loading,COM036,OP037,Site Alpha - Sector 1 Quarry,Low,2026-08-09 00:39:47,45.0,53.3,56.6,27,3.28,Sunny,Beginner,4.3,Completed
T0498,Grading,DOZ033,OP058,Site Beta - East Trenching Zone,High,2026-08-09 01:21:47,90.0,97.2,86.0,16,2.31,Sunny,Intermediate,3.2,Completed
T0499,Hauling,GRA040,OP088,Site Gamma - River Basin Basin Prep,Low,2026-08-09 02:03:47,40.0,41.1,41.6,29,1.61,Cloudy,Intermediate,1.3,Completed
T0500,Trenching,EXC007,OP051,Site Alpha - Sector 4 Foundation,High,2026-08-09 02:45:47,75.0,84.7,94.3,19,2.83,Sunny,Beginner,3.2,Completed
T0501,Hauling,GRA022,OP072,Site Alpha - Sector 4 Foundation,High,2026-08-09 03:27:47,40.0,50.6,52.2,21,3.68,Rainy,Intermediate,0.8,Completed
T0502,Hauling,GRA010,OP026,Site Beta - East Trenching Zone,Critical,2026-08-09 04:09:47,40.0,65.4,66.8,8,3.83,Storm,Intermediate,3.4,Completed
T0503,Demolition,DOZ003,OP006,Site Alpha - Sector 4 Foundation,Low,2026-08-09 04:51:47,110.0,94.1,101.2,20,1.52,Sunny,Expert,2.4,Completed
T0504,Trenching,GRA046,OP043,Site Gamma - River Basin Basin Prep,Critical,2026-08-09 05:33:47,75.0,66.4,67.1,21,2.21,Cloudy,Expert,0.6,Completed
T0505,Demolition,COM030,OP020,Site Beta - East Trenching Zone,Medium,2026-08-09 06:15:47,110.0,124.7,127.2,21,0.92,Rainy,Expert,3.2,Completed
T0506,Material Loading,GRA040,OP041,Site Gamma - River Basin Basin Prep,Medium,2026-08-09 06:57:47,45.0,50.0,47.3,29,4.17,Rainy,Expert,1.3,Completed
T0507,Grading,GRA040,OP095,Site Gamma - River Basin Basin Prep,High,2026-08-09 07:39:47,90.0,103.6,108.6,15,1.58,Sunny,Beginner,1.3,Completed
T0508,Demolition,GRA022,OP065,Site Alpha - Sector 4 Foundation,Critical,2026-08-09 08:21:47,110.0,127.1,135.5,10,1.86,Sunny,Beginner,0.8,Completed
T0509,Compaction,EXC037,OP039,Site Beta - North Overpass,Critical,2026-08-09 09:03:47,50.0,71.9,77.2,10,4.09,Storm,Expert,6.0,Completed
T0510,Hauling,WHE002,OP048,Site Alpha - Sector 1 Quarry,High,2026-08-09 09:45:47,40.0,45.5,42.4,9,2.89,Sunny,Beginner,1.1,Completed
T0511,Compaction,WHE008,OP054,Site Alpha - Sector 1 Quarry,High,2026-08-09 10:27:47,50.0,64.5,63.6,27,0.97,Sunny,Beginner,6.4,Completed
T0512,Hauling,DUM047,OP089,Site Delta - Highway Interchange,Low,2026-08-09 11:09:47,40.0,46.9,49.9,23,4.48,Sunny,Intermediate,10.4,Completed
T0513,Demolition,EXC031,OP034,Site Delta - Highway Interchange,Medium,2026-08-09 11:51:47,110.0,110.8,118.5,22,1.71,Sunny,Intermediate,2.5,Completed
T0514,Compaction,GRA004,OP075,Site Beta - North Overpass,Critical,2026-08-09 12:33:47,50.0,55.4,51.9,23,0.95,Cloudy,Intermediate,4.9,Completed
T0515,Trenching,GRA034,OP081,Site Alpha - Sector 4 Foundation,Critical,2026-08-09 13:15:47,75.0,74.8,79.8,19,2.75,Cloudy,Intermediate,0.8,Completed
T0516,Trenching,WHE044,OP032,Site Alpha - Sector 4 Foundation,Low,2026-08-09 13:57:47,75.0,74.7,68.5,26,3.39,Sunny,Intermediate,1.2,Completed
T0517,Demolition,DOZ045,OP015,Site Gamma - River Basin Basin Prep,Medium,2026-08-09 14:39:47,110.0,113.9,123.9,29,1.66,Sunny,Intermediate,4.0,Completed
T0518,Earth Excavation,DUM029,OP041,Site Beta - North Overpass,Critical,2026-08-09 15:21:47,60.0,50.7,59.6,15,0.91,Sunny,Expert,1.0,Completed
T0519,Trenching,DOZ027,OP089,Site Gamma - River Basin Basin Prep,Medium,2026-08-09 16:03:47,75.0,81.3,77.8,27,3.07,Cloudy,Intermediate,4.3,Completed
T0520,Grading,DOZ033,OP100,Site Beta - East Trenching Zone,Critical,2026-08-09 16:45:47,90.0,106.6,108.5,17,3.76,Sunny,Beginner,3.2,Completed
T0521,Hauling,COM048,OP094,Site Delta - Highway Interchange,Low,2026-08-09 17:27:47,40.0,43.7,40.6,21,2.85,Cloudy,Intermediate,3.9,Completed
T0522,Compaction,DOZ009,OP067,Site Beta - East Trenching Zone,Medium,2026-08-09 18:09:47,50.0,79.7,72.9,15,2.79,Storm,Intermediate,2.8,Completed
T0523,Demolition,DOZ021,OP085,Site Gamma - River Basin Basin Prep,Critical,2026-08-09 18:51:47,110.0,119.2,116.5,11,1.18,Cloudy,Intermediate,1.4,Completed
T0524,Demolition,EXC025,OP041,Site Beta - North Overpass,Medium,2026-08-09 19:33:47,110.0,110.6,112.1,28,2.57,Sunny,Expert,9.2,Completed
T0525,Grading,DUM035,OP044,Site Beta - North Overpass,High,2026-08-09 20:15:47,90.0,123.5,122.9,29,1.64,Storm,Expert,3.2,Completed
T0526,Compaction,WHE050,OP093,Site Alpha - Sector 1 Quarry,High,2026-08-09 20:57:47,50.0,79.4,83.0,14,2.26,Rainy,Beginner,5.4,Completed
T0527,Demolition,EXC031,OP025,Site Delta - Highway Interchange,Medium,2026-08-09 21:39:47,110.0,112.0,110.3,25,2.8,Sunny,Intermediate,2.5,Completed
T0528,Material Loading,COM036,OP039,Site Alpha - Sector 1 Quarry,Medium,2026-08-09 22:21:47,45.0,41.3,38.9,26,0.71,Sunny,Expert,4.3,Completed
T0529,Material Loading,WHE050,OP037,Site Alpha - Sector 1 Quarry,Medium,2026-08-09 23:03:47,45.0,54.2,50.4,27,2.04,Sunny,Beginner,5.4,Completed
T0530,Compaction,GRA046,OP063,Site Gamma - River Basin Basin Prep,High,2026-08-09 23:45:47,50.0,60.6,60.3,29,3.06,Cloudy,Beginner,0.6,Completed
T0531,Grading,DUM023,OP072,Site Gamma - River Basin Basin Prep,High,2026-08-10 00:27:47,90.0,135.9,144.9,16,1.14,Storm,Intermediate,4.9,Completed
T0532,Material Loading,WHE008,OP074,Site Alpha - Sector 1 Quarry,Critical,2026-08-10 01:09:47,45.0,47.4,50.1,27,1.62,Sunny,Intermediate,6.4,Completed
T0533,Grading,DUM023,OP099,Site Gamma - River Basin Basin Prep,Medium,2026-08-10 01:51:47,90.0,109.7,112.5,11,1.26,Sunny,Beginner,4.9,Completed
T0534,Material Loading,DOZ003,OP037,Site Alpha - Sector 4 Foundation,Low,2026-08-10 02:33:47,45.0,54.8,54.5,16,0.8,Cloudy,Beginner,2.4,Completed
T0535,Material Loading,DUM029,OP084,Site Beta - North Overpass,High,2026-08-10 03:15:47,45.0,52.2,54.7,27,0.73,Sunny,Beginner,1.0,Completed
T0536,Compaction,EXC031,OP028,Site Delta - Highway Interchange,Medium,2026-08-10 03:57:47,50.0,61.1,58.3,23,2.69,Sunny,Beginner,2.5,Completed
T0537,Hauling,DUM035,OP035,Site Beta - North Overpass,High,2026-08-10 04:39:47,40.0,52.5,51.7,14,4.25,Cloudy,Beginner,3.2,Completed
T0538,Trenching,EXC007,OP079,Site Alpha - Sector 4 Foundation,Medium,2026-08-10 05:21:47,75.0,86.8,91.3,29,2.36,Rainy,Expert,3.2,Completed
T0539,Trenching,GRA004,OP086,Site Beta - North Overpass,Medium,2026-08-10 06:03:47,75.0,90.4,81.2,28,1.2,Windy,Intermediate,4.9,Completed
T0540,Compaction,DOZ015,OP007,Site Delta - Highway Interchange,Low,2026-08-10 06:45:47,50.0,91.3,97.0,20,2.02,Storm,Beginner,2.7,Completed
T0541,Grading,GRA022,OP092,Site Alpha - Sector 4 Foundation,Critical,2026-08-10 07:27:47,90.0,109.4,109.1,25,2.78,Cloudy,Beginner,0.8,Completed
T0542,Earth Excavation,WHE044,OP099,Site Alpha - Sector 4 Foundation,Medium,2026-08-10 08:09:47,60.0,75.0,65.8,12,3.62,Cloudy,Beginner,1.2,Completed
T0543,Earth Excavation,COM036,OP021,Site Alpha - Sector 1 Quarry,Critical,2026-08-10 08:51:47,60.0,78.5,76.3,19,3.74,Rainy,Intermediate,4.3,Completed
T0544,Compaction,EXC031,OP062,Site Delta - Highway Interchange,Medium,2026-08-10 09:33:47,50.0,48.4,49.9,27,0.5,Sunny,Intermediate,2.5,Completed
T0545,Hauling,EXC019,OP042,Site Gamma - River Basin Basin Prep,High,2026-08-10 10:15:47,40.0,52.3,53.7,8,3.83,Windy,Beginner,4.5,Completed
T0546,Compaction,GRA004,OP099,Site Beta - North Overpass,Low,2026-08-10 10:57:47,50.0,64.8,63.1,11,1.85,Sunny,Beginner,4.9,Completed
T0547,Compaction,EXC037,OP030,Site Beta - North Overpass,Low,2026-08-10 11:39:47,50.0,60.1,59.0,13,2.31,Rainy,Expert,6.0,Completed
T0548,Trenching,DOZ027,OP023,Site Gamma - River Basin Basin Prep,Low,2026-08-10 12:21:47,75.0,92.2,91.0,21,1.07,Sunny,Beginner,4.3,Completed
T0549,Hauling,WHE026,OP064,Site Gamma - River Basin Basin Prep,Medium,2026-08-10 13:03:47,40.0,49.4,50.1,20,3.76,Cloudy,Beginner,1.5,Completed
T0550,Compaction,EXC019,OP005,Site Gamma - River Basin Basin Prep,Low,2026-08-10 13:45:47,50.0,59.1,67.0,17,2.63,Sunny,Beginner,4.5,Completed
T0551,Material Loading,EXC037,OP078,Site Beta - North Overpass,Low,2026-08-10 14:27:47,45.0,54.9,55.5,10,1.16,Sunny,Beginner,6.0,Completed
T0552,Material Loading,EXC019,OP059,Site Gamma - River Basin Basin Prep,Critical,2026-08-10 15:09:47,45.0,54.5,52.8,22,3.9,Sunny,Beginner,4.5,Completed
T0553,Trenching,DOZ033,OP060,Site Beta - East Trenching Zone,High,2026-08-10 15:51:47,75.0,78.0,80.4,26,0.65,Cloudy,Intermediate,3.2,Completed
T0554,Trenching,WHE008,OP043,Site Alpha - Sector 1 Quarry,Medium,2026-08-10 16:33:47,75.0,73.7,72.1,23,1.23,Cloudy,Expert,6.4,Completed
T0555,Compaction,COM030,OP083,Site Beta - East Trenching Zone,High,2026-08-10 17:15:47,50.0,73.5,77.4,14,0.58,Rainy,Beginner,3.2,Completed
T0556,Compaction,COM012,OP002,Site Alpha - Sector 4 Foundation,High,2026-08-10 17:57:47,50.0,65.0,56.7,8,1.75,Cloudy,Beginner,1.6,Completed
T0557,Hauling,EXC019,OP073,Site Gamma - River Basin Basin Prep,Medium,2026-08-10 18:39:47,40.0,38.5,34.6,25,1.1,Cloudy,Expert,4.5,Completed
T0558,Trenching,GRA040,OP082,Site Gamma - River Basin Basin Prep,Critical,2026-08-10 19:21:47,75.0,62.7,68.8,18,3.23,Sunny,Expert,1.3,Completed
T0559,Hauling,GRA028,OP066,Site Gamma - River Basin Basin Prep,High,2026-08-10 20:03:47,40.0,43.9,40.9,26,1.76,Sunny,Intermediate,4.8,Completed
T0560,Earth Excavation,WHE026,OP086,Site Gamma - River Basin Basin Prep,Low,2026-08-10 20:45:47,60.0,62.7,62.0,8,0.49,Cloudy,Intermediate,1.5,Completed
T0561,Trenching,DOZ009,OP062,Site Beta - East Trenching Zone,High,2026-08-10 21:27:47,75.0,114.1,112.6,14,2.01,Storm,Intermediate,2.8,Completed
T0562,Trenching,EXC001,OP034,Site Alpha - Sector 4 Foundation,Critical,2026-08-10 22:09:47,75.0,75.9,71.2,22,1.25,Sunny,Intermediate,2.4,Completed
T0563,Trenching,DUM029,OP097,Site Beta - North Overpass,High,2026-08-10 22:51:47,75.0,70.5,69.5,19,0.7,Sunny,Intermediate,1.0,Completed
T0564,Material Loading,WHE020,OP075,Site Alpha - Sector 4 Foundation,Low,2026-08-10 23:33:47,45.0,51.0,51.3,10,1.73,Windy,Intermediate,3.4,Completed
T0565,Material Loading,COM042,OP047,Site Alpha - Sector 1 Quarry,Medium,2026-08-11 00:15:47,45.0,50.5,50.3,16,2.99,Windy,Intermediate,0.7,Completed
T0566,Earth Excavation,EXC043,OP016,Site Beta - East Trenching Zone,Critical,2026-08-11 00:57:47,60.0,73.8,68.1,26,1.77,Sunny,Beginner,1.8,Completed
T0567,Material Loading,DUM011,OP052,Site Delta - Highway Interchange,High,2026-08-11 01:39:47,45.0,48.4,44.0,26,2.54,Cloudy,Intermediate,0.6,Completed
T0568,Compaction,WHE008,OP082,Site Alpha - Sector 1 Quarry,High,2026-08-11 02:21:47,50.0,50.6,53.4,29,0.64,Cloudy,Expert,6.4,Completed
T0569,Material Loading,GRA040,OP029,Site Gamma - River Basin Basin Prep,Medium,2026-08-11 03:03:47,45.0,56.8,56.9,15,1.05,Storm,Expert,1.3,Completed
T0570,Trenching,EXC031,OP020,Site Delta - Highway Interchange,Critical,2026-08-11 03:45:47,75.0,69.6,72.0,18,3.27,Cloudy,Expert,2.5,Completed
T0571,Compaction,DOZ039,OP048,Site Alpha - Sector 1 Quarry,Critical,2026-08-11 04:27:47,50.0,56.0,67.3,22,1.06,Sunny,Beginner,1.5,Completed
T0572,Compaction,COM036,OP061,Site Alpha - Sector 1 Quarry,Medium,2026-08-11 05:09:47,50.0,55.5,52.6,25,0.68,Cloudy,Intermediate,4.3,Completed
T0573,Hauling,GRA016,OP088,Site Delta - Highway Interchange,Low,2026-08-11 05:51:47,40.0,41.2,44.8,23,2.71,Cloudy,Intermediate,3.2,Completed
T0574,Demolition,DUM029,OP068,Site Beta - North Overpass,High,2026-08-11 06:33:47,110.0,142.1,130.3,28,3.41,Cloudy,Beginner,1.0,Completed
T0575,Earth Excavation,EXC037,OP015,Site Beta - North Overpass,Low,2026-08-11 07:15:47,60.0,63.8,65.1,12,4.14,Sunny,Intermediate,6.0,Completed
T0576,Hauling,COM036,OP065,Site Alpha - Sector 1 Quarry,Medium,2026-08-11 07:57:47,40.0,49.7,48.6,25,2.1,Sunny,Beginner,4.3,Completed
T0577,Demolition,DUM035,OP020,Site Beta - North Overpass,Medium,2026-08-11 08:39:47,110.0,98.7,93.6,18,2.8,Sunny,Expert,3.2,Completed
T0578,Material Loading,GRA034,OP057,Site Alpha - Sector 4 Foundation,Low,2026-08-11 09:21:47,45.0,45.0,44.7,24,1.88,Cloudy,Intermediate,0.8,Completed
T0579,Compaction,WHE014,OP092,Site Alpha - Sector 1 Quarry,Critical,2026-08-11 10:03:47,50.0,61.4,64.1,20,2.43,Cloudy,Beginner,3.6,Completed
T0580,Earth Excavation,DOZ033,OP058,Site Beta - East Trenching Zone,Low,2026-08-11 10:45:47,60.0,62.8,55.6,26,3.71,Sunny,Intermediate,3.2,Completed
T0581,Grading,DOZ009,OP066,Site Beta - East Trenching Zone,Critical,2026-08-11 11:27:47,90.0,89.5,86.7,17,1.14,Sunny,Intermediate,2.8,Completed
T0582,Grading,EXC037,OP008,Site Beta - North Overpass,Critical,2026-08-11 12:09:47,90.0,89.4,93.3,9,2.19,Sunny,Expert,6.0,Completed
T0583,Compaction,WHE020,OP093,Site Alpha - Sector 4 Foundation,Low,2026-08-11 12:51:47,50.0,60.7,55.1,16,0.73,Sunny,Beginner,3.4,Completed
T0584,Grading,DUM017,OP001,Site Alpha - Sector 1 Quarry,Medium,2026-08-11 13:33:47,90.0,82.1,71.1,27,1.88,Sunny,Expert,1.7,Completed
T0585,Demolition,DUM005,OP006,Site Beta - North Overpass,Critical,2026-08-11 14:15:47,110.0,137.2,163.5,20,3.67,Rainy,Expert,10.8,Completed
T0586,Material Loading,DOZ045,OP009,Site Gamma - River Basin Basin Prep,Low,2026-08-11 14:57:47,45.0,56.8,56.0,9,3.75,Cloudy,Beginner,4.0,Completed
T0587,Earth Excavation,EXC031,OP005,Site Delta - Highway Interchange,High,2026-08-11 15:39:47,60.0,71.3,72.6,21,0.63,Cloudy,Beginner,2.5,Completed
T0588,Grading,COM012,OP099,Site Alpha - Sector 4 Foundation,Medium,2026-08-11 16:21:47,90.0,99.9,100.1,16,3.52,Sunny,Beginner,1.6,Completed
T0589,Hauling,COM042,OP094,Site Alpha - Sector 1 Quarry,Critical,2026-08-11 17:03:47,40.0,38.1,38.5,15,3.7,Sunny,Intermediate,0.7,Completed
T0590,Material Loading,EXC025,OP058,Site Beta - North Overpass,Critical,2026-08-11 17:45:47,45.0,50.7,48.1,12,3.54,Sunny,Intermediate,9.2,Completed
T0591,Grading,COM006,OP088,Site Beta - North Overpass,Medium,2026-08-11 18:27:47,90.0,100.5,106.3,20,2.16,Cloudy,Intermediate,4.5,Completed
T0592,Compaction,DUM023,OP016,Site Gamma - River Basin Basin Prep,Medium,2026-08-11 19:09:47,50.0,63.6,67.0,10,2.15,Sunny,Beginner,4.9,Completed
T0593,Demolition,WHE026,OP068,Site Gamma - River Basin Basin Prep,Medium,2026-08-11 19:51:47,110.0,130.4,132.1,26,2.55,Sunny,Beginner,1.5,Completed
T0594,Compaction,DOZ015,OP001,Site Delta - Highway Interchange,Low,2026-08-11 20:33:47,50.0,43.0,40.5,10,3.87,Sunny,Expert,2.7,Completed
T0595,Material Loading,COM030,OP087,Site Beta - East Trenching Zone,Critical,2026-08-11 21:15:47,45.0,49.4,45.0,22,1.5,Sunny,Intermediate,3.2,Completed
T0596,Demolition,EXC025,OP030,Site Beta - North Overpass,Medium,2026-08-11 21:57:47,110.0,116.5,117.4,20,3.92,Cloudy,Expert,9.2,Completed
T0597,Grading,DUM023,OP020,Site Gamma - River Basin Basin Prep,High,2026-08-11 22:39:47,90.0,86.6,77.8,25,4.27,Sunny,Expert,4.9,Completed
T0598,Trenching,DUM047,OP098,Site Delta - Highway Interchange,Low,2026-08-11 23:21:47,75.0,78.0,78.0,18,2.49,Cloudy,Expert,10.4,Completed
T0599,Earth Excavation,EXC043,OP054,Site Beta - East Trenching Zone,Low,2026-08-12 00:03:47,60.0,77.5,73.9,13,0.42,Windy,Beginner,1.8,Completed
T0600,Trenching,WHE014,OP009,Site Alpha - Sector 1 Quarry,Low,2026-08-12 00:45:47,75.0,93.7,99.5,14,3.48,Cloudy,Beginner,3.6,Completed
T0601,Demolition,DOZ003,OP058,Site Alpha - Sector 4 Foundation,Low,2026-08-12 01:27:47,110.0,108.5,112.2,8,2.85,Sunny,Intermediate,2.4,Completed
T0602,Trenching,COM048,OP006,Site Delta - Highway Interchange,Critical,2026-08-12 02:09:47,75.0,70.8,71.5,10,1.09,Cloudy,Expert,3.9,Completed
T0603,Grading,DOZ015,OP070,Site Delta - Highway Interchange,Medium,2026-08-12 02:51:47,90.0,110.3,115.3,13,0.76,Cloudy,Beginner,2.7,Completed
T0604,Hauling,WHE050,OP008,Site Alpha - Sector 1 Quarry,Medium,2026-08-12 03:33:47,40.0,41.1,39.2,8,1.18,Cloudy,Expert,5.4,Completed
T0605,Demolition,EXC019,OP030,Site Gamma - River Basin Basin Prep,High,2026-08-12 04:15:47,110.0,107.6,104.6,10,3.65,Cloudy,Expert,4.5,Completed
T0606,Demolition,DOZ039,OP099,Site Alpha - Sector 1 Quarry,High,2026-08-12 04:57:47,110.0,132.4,140.7,23,3.26,Cloudy,Beginner,1.5,Completed
T0607,Trenching,WHE020,OP019,Site Alpha - Sector 4 Foundation,Medium,2026-08-12 05:39:47,75.0,100.8,100.6,25,2.07,Windy,Beginner,3.4,Completed
T0608,Grading,WHE020,OP036,Site Alpha - Sector 4 Foundation,Low,2026-08-12 06:21:47,90.0,114.6,119.9,15,3.25,Cloudy,Beginner,3.4,Completed
T0609,Demolition,WHE038,OP095,Site Gamma - River Basin Basin Prep,Medium,2026-08-12 07:03:47,110.0,141.2,144.6,15,2.01,Sunny,Beginner,6.6,Completed
T0610,Compaction,WHE044,OP055,Site Alpha - Sector 4 Foundation,Critical,2026-08-12 07:45:47,50.0,42.8,42.3,19,2.56,Sunny,Expert,1.2,Completed
T0611,Earth Excavation,DUM023,OP083,Site Gamma - River Basin Basin Prep,Critical,2026-08-12 08:27:47,60.0,72.1,74.9,13,0.66,Cloudy,Beginner,4.9,Completed
T0612,Hauling,GRA034,OP041,Site Alpha - Sector 4 Foundation,Critical,2026-08-12 09:09:47,40.0,36.4,34.4,27,2.13,Cloudy,Expert,0.8,Completed
T0613,Grading,GRA010,OP039,Site Beta - East Trenching Zone,Critical,2026-08-12 09:51:47,90.0,104.9,104.4,24,0.96,Rainy,Expert,3.4,Completed
T0614,Trenching,EXC049,OP069,Site Alpha - Sector 4 Foundation,Critical,2026-08-12 10:33:47,75.0,89.5,94.1,24,4.48,Windy,Intermediate,6.5,Completed
T0615,Trenching,DOZ015,OP039,Site Delta - Highway Interchange,Medium,2026-08-12 11:15:47,75.0,66.6,71.3,16,2.74,Sunny,Expert,2.7,Completed
T0616,Hauling,COM030,OP008,Site Beta - East Trenching Zone,Critical,2026-08-12 11:57:47,40.0,36.7,37.0,18,4.15,Sunny,Expert,3.2,Completed
T0617,Grading,COM036,OP068,Site Alpha - Sector 1 Quarry,Medium,2026-08-12 12:39:47,90.0,112.8,113.2,13,3.4,Sunny,Beginner,4.3,Completed
T0618,Grading,GRA016,OP033,Site Delta - Highway Interchange,Medium,2026-08-12 13:21:47,90.0,92.4,79.9,8,0.89,Sunny,Intermediate,3.2,Completed
T0619,Material Loading,COM042,OP011,Site Alpha - Sector 1 Quarry,Critical,2026-08-12 14:03:47,45.0,51.0,51.4,8,3.35,Sunny,Beginner,0.7,Completed
T0620,Hauling,COM024,OP012,Site Delta - Highway Interchange,Medium,2026-08-12 14:45:47,40.0,46.2,48.1,20,3.43,Windy,Expert,10.9,Completed
T0621,Earth Excavation,COM018,OP049,Site Gamma - River Basin Basin Prep,Low,2026-08-12 15:27:47,60.0,88.4,89.9,25,3.95,Rainy,Beginner,1.2,Completed
T0622,Hauling,DUM005,OP025,Site Beta - North Overpass,Medium,2026-08-12 16:09:47,40.0,47.6,51.3,17,2.71,Cloudy,Intermediate,10.8,Completed
T0623,Grading,WHE014,OP043,Site Alpha - Sector 1 Quarry,High,2026-08-12 16:51:47,90.0,101.8,105.4,24,3.92,Rainy,Expert,3.6,Completed
T0624,Earth Excavation,WHE014,OP025,Site Alpha - Sector 1 Quarry,Low,2026-08-12 17:33:47,60.0,60.7,64.2,22,2.05,Sunny,Intermediate,3.6,Completed
T0625,Compaction,EXC049,OP062,Site Alpha - Sector 4 Foundation,Medium,2026-08-12 18:15:47,50.0,54.5,49.9,13,4.47,Sunny,Intermediate,6.5,Completed
T0626,Compaction,DOZ039,OP091,Site Alpha - Sector 1 Quarry,Medium,2026-08-12 18:57:47,50.0,49.4,50.6,10,1.89,Sunny,Intermediate,1.5,Completed
T0627,Grading,GRA016,OP071,Site Delta - Highway Interchange,High,2026-08-12 19:39:47,90.0,118.6,118.7,26,1.75,Windy,Beginner,3.2,Completed
T0628,Hauling,EXC019,OP049,Site Gamma - River Basin Basin Prep,Critical,2026-08-12 20:21:47,40.0,50.9,46.5,21,3.16,Sunny,Beginner,4.5,Completed
T0629,Demolition,COM042,OP046,Site Alpha - Sector 1 Quarry,High,2026-08-12 21:03:47,110.0,92.9,97.0,9,4.13,Sunny,Expert,0.7,Completed
T0630,Material Loading,COM024,OP066,Site Delta - Highway Interchange,Critical,2026-08-12 21:45:47,45.0,54.5,60.4,12,1.1,Cloudy,Intermediate,10.9,Completed
T0631,Grading,EXC007,OP093,Site Alpha - Sector 4 Foundation,Critical,2026-08-12 22:27:47,90.0,108.7,118.7,29,0.45,Sunny,Beginner,3.2,Completed
T0632,Hauling,DOZ021,OP027,Site Gamma - River Basin Basin Prep,High,2026-08-12 23:09:47,40.0,63.6,59.5,18,0.46,Rainy,Beginner,1.4,Completed
T0633,Material Loading,DOZ027,OP006,Site Gamma - River Basin Basin Prep,Medium,2026-08-12 23:51:47,45.0,52.7,48.6,20,2.01,Rainy,Expert,4.3,Completed
T0634,Compaction,GRA010,OP003,Site Beta - East Trenching Zone,High,2026-08-13 00:33:47,50.0,62.6,67.8,17,1.2,Cloudy,Beginner,3.4,Completed
T0635,Demolition,WHE038,OP075,Site Gamma - River Basin Basin Prep,Critical,2026-08-13 01:15:47,110.0,120.1,125.7,16,3.05,Cloudy,Intermediate,6.6,Completed
T0636,Material Loading,GRA010,OP026,Site Beta - East Trenching Zone,High,2026-08-13 01:57:47,45.0,45.0,44.3,25,1.3,Sunny,Intermediate,3.4,Completed
T0637,Trenching,EXC025,OP073,Site Beta - North Overpass,Medium,2026-08-13 02:39:47,75.0,109.3,110.6,8,0.58,Storm,Expert,9.2,Completed
T0638,Grading,COM036,OP084,Site Alpha - Sector 1 Quarry,High,2026-08-13 03:21:47,90.0,138.3,151.8,9,3.53,Rainy,Beginner,4.3,Completed
T0639,Material Loading,EXC049,OP063,Site Alpha - Sector 4 Foundation,Critical,2026-08-13 04:03:47,45.0,61.2,54.9,22,2.98,Sunny,Beginner,6.5,Completed
T0640,Grading,DUM011,OP094,Site Delta - Highway Interchange,High,2026-08-13 04:45:47,90.0,92.4,97.5,14,4.04,Cloudy,Intermediate,0.6,Completed
T0641,Trenching,DOZ009,OP093,Site Beta - East Trenching Zone,Critical,2026-08-13 05:27:47,75.0,90.3,92.6,8,2.7,Sunny,Beginner,2.8,Completed
T0642,Trenching,DUM035,OP083,Site Beta - North Overpass,Low,2026-08-13 06:09:47,75.0,95.1,85.3,9,3.22,Cloudy,Beginner,3.2,Completed
T0643,Demolition,DOZ003,OP010,Site Alpha - Sector 4 Foundation,Low,2026-08-13 06:51:47,110.0,106.1,117.2,26,1.37,Sunny,Intermediate,2.4,Completed
T0644,Hauling,EXC001,OP053,Site Alpha - Sector 4 Foundation,Medium,2026-08-13 07:33:47,40.0,50.9,51.8,16,2.56,Cloudy,Beginner,2.4,Completed
T0645,Hauling,DUM041,OP030,Site Alpha - Sector 4 Foundation,Low,2026-08-13 08:15:47,40.0,33.4,36.7,25,2.34,Sunny,Expert,3.2,Completed
T0646,Compaction,GRA010,OP002,Site Beta - East Trenching Zone,Medium,2026-08-13 08:57:47,50.0,60.9,64.5,29,0.7,Sunny,Beginner,3.4,Completed
T0647,Demolition,COM030,OP048,Site Beta - East Trenching Zone,Low,2026-08-13 09:39:47,110.0,145.5,140.0,23,1.39,Windy,Beginner,3.2,Completed
T0648,Demolition,DUM041,OP086,Site Alpha - Sector 4 Foundation,Critical,2026-08-13 10:21:47,110.0,112.2,105.2,8,0.77,Sunny,Intermediate,3.2,Completed
T0649,Compaction,WHE032,OP003,Site Beta - East Trenching Zone,Low,2026-08-13 11:03:47,50.0,60.2,63.9,24,0.86,Sunny,Beginner,0.7,Completed
T0650,Demolition,COM036,OP053,Site Alpha - Sector 1 Quarry,Low,2026-08-13 11:45:47,110.0,153.9,150.7,28,2.64,Windy,Beginner,4.3,Completed
T0651,Earth Excavation,GRA034,OP093,Site Alpha - Sector 4 Foundation,High,2026-08-13 12:27:47,60.0,68.5,75.4,25,3.39,Cloudy,Beginner,0.8,Completed
T0652,Demolition,EXC019,OP003,Site Gamma - River Basin Basin Prep,Critical,2026-08-13 13:09:47,110.0,135.3,138.9,21,3.52,Sunny,Beginner,4.5,Completed
T0653,Hauling,COM012,OP014,Site Alpha - Sector 4 Foundation,Low,2026-08-13 13:51:47,40.0,43.5,39.7,22,4.01,Windy,Intermediate,1.6,Completed
T0654,Demolition,GRA010,OP031,Site Beta - East Trenching Zone,Medium,2026-08-13 14:33:47,110.0,127.8,116.4,27,2.4,Windy,Intermediate,3.4,Completed
T0655,Demolition,GRA034,OP033,Site Alpha - Sector 4 Foundation,High,2026-08-13 15:15:47,110.0,114.5,112.5,28,1.18,Cloudy,Intermediate,0.8,Completed
T0656,Material Loading,WHE026,OP011,Site Gamma - River Basin Basin Prep,High,2026-08-13 15:57:47,45.0,49.5,50.0,19,3.73,Sunny,Beginner,1.5,Completed
T0657,Grading,COM030,OP073,Site Beta - East Trenching Zone,Medium,2026-08-13 16:39:47,90.0,106.9,105.6,10,4.44,Rainy,Expert,3.2,Completed
T0658,Compaction,DOZ015,OP039,Site Delta - Highway Interchange,Low,2026-08-13 17:21:47,50.0,46.0,43.6,11,3.7,Sunny,Expert,2.7,Completed
T0659,Compaction,COM042,OP098,Site Alpha - Sector 1 Quarry,Low,2026-08-13 18:03:47,50.0,40.5,46.3,17,0.66,Sunny,Expert,0.7,Completed
T0660,Earth Excavation,WHE026,OP049,Site Gamma - River Basin Basin Prep,Critical,2026-08-13 18:45:47,60.0,71.3,75.5,13,3.0,Cloudy,Beginner,1.5,Completed
T0661,Demolition,EXC031,OP008,Site Delta - Highway Interchange,Low,2026-08-13 19:27:47,110.0,106.7,100.9,21,1.6,Cloudy,Expert,2.5,Completed
T0662,Compaction,DUM011,OP011,Site Delta - Highway Interchange,Critical,2026-08-13 20:09:47,50.0,54.8,62.8,27,2.58,Sunny,Beginner,0.6,Completed
T0663,Hauling,GRA028,OP083,Site Gamma - River Basin Basin Prep,High,2026-08-13 20:51:47,40.0,55.2,60.9,24,4.08,Windy,Beginner,4.8,Completed
T0664,Demolition,EXC007,OP068,Site Alpha - Sector 4 Foundation,Low,2026-08-13 21:33:47,110.0,134.3,110.7,9,3.13,Sunny,Beginner,3.2,Completed
T0665,Trenching,WHE014,OP089,Site Alpha - Sector 1 Quarry,Critical,2026-08-13 22:15:47,75.0,74.4,80.7,17,4.41,Sunny,Intermediate,3.6,Completed
T0666,Material Loading,DOZ003,OP010,Site Alpha - Sector 4 Foundation,High,2026-08-13 22:57:47,45.0,60.2,59.9,9,1.03,Rainy,Intermediate,2.4,Completed
T0667,Demolition,EXC037,OP085,Site Beta - North Overpass,Low,2026-08-13 23:39:47,110.0,127.7,117.1,9,3.91,Windy,Intermediate,6.0,Completed
T0668,Trenching,DOZ021,OP003,Site Gamma - River Basin Basin Prep,Medium,2026-08-14 00:21:47,75.0,109.2,117.7,21,0.68,Rainy,Beginner,1.4,Completed
T0669,Demolition,GRA010,OP097,Site Beta - East Trenching Zone,Critical,2026-08-14 01:03:47,110.0,122.4,132.4,26,1.19,Cloudy,Intermediate,3.4,Completed
T0670,Earth Excavation,WHE020,OP021,Site Alpha - Sector 4 Foundation,Medium,2026-08-14 01:45:47,60.0,62.3,63.5,28,0.76,Sunny,Intermediate,3.4,Completed
T0671,Demolition,EXC025,OP087,Site Beta - North Overpass,High,2026-08-14 02:27:47,110.0,131.9,127.4,10,1.08,Sunny,Intermediate,9.2,Completed
T0672,Grading,EXC049,OP095,Site Alpha - Sector 4 Foundation,Medium,2026-08-14 03:09:47,90.0,119.1,119.3,13,1.27,Cloudy,Beginner,6.5,Completed
T0673,Hauling,DOZ045,OP093,Site Gamma - River Basin Basin Prep,Low,2026-08-14 03:51:47,40.0,52.6,48.3,15,4.21,Cloudy,Beginner,4.0,Completed
T0674,Demolition,COM048,OP045,Site Delta - Highway Interchange,Low,2026-08-14 04:33:47,110.0,135.1,120.7,17,4.21,Sunny,Beginner,3.9,Completed
T0675,Earth Excavation,GRA028,OP030,Site Gamma - River Basin Basin Prep,Low,2026-08-14 05:15:47,60.0,52.4,56.6,24,0.9,Sunny,Expert,4.8,Completed
T0676,Material Loading,DOZ039,OP099,Site Alpha - Sector 1 Quarry,Critical,2026-08-14 05:57:47,45.0,56.4,58.1,11,1.12,Cloudy,Beginner,1.5,Completed
T0677,Hauling,DOZ021,OP004,Site Gamma - River Basin Basin Prep,High,2026-08-14 06:39:47,40.0,59.4,59.5,25,3.38,Rainy,Beginner,1.4,Completed
T0678,Hauling,DUM029,OP063,Site Beta - North Overpass,Medium,2026-08-14 07:21:47,40.0,48.1,46.8,15,1.75,Cloudy,Beginner,1.0,Completed
T0679,Material Loading,COM036,OP049,Site Alpha - Sector 1 Quarry,Critical,2026-08-14 08:03:47,45.0,51.9,56.2,9,2.57,Sunny,Beginner,4.3,Completed
T0680,Trenching,WHE044,OP075,Site Alpha - Sector 4 Foundation,Critical,2026-08-14 08:45:47,75.0,76.7,71.3,27,1.46,Sunny,Intermediate,1.2,Completed
T0681,Earth Excavation,WHE050,OP080,Site Alpha - Sector 1 Quarry,High,2026-08-14 09:27:47,60.0,63.1,68.2,23,2.19,Cloudy,Intermediate,5.4,Completed
T0682,Hauling,GRA016,OP092,Site Delta - Highway Interchange,Low,2026-08-14 10:09:47,40.0,47.1,43.8,14,4.06,Sunny,Beginner,3.2,Completed
T0683,Earth Excavation,COM018,OP020,Site Gamma - River Basin Basin Prep,Critical,2026-08-14 10:51:47,60.0,56.8,50.2,13,0.55,Windy,Expert,1.2,Completed
T0684,Compaction,DUM041,OP020,Site Alpha - Sector 4 Foundation,Critical,2026-08-14 11:33:47,50.0,60.0,56.8,13,2.67,Rainy,Expert,3.2,Completed
T0685,Material Loading,COM024,OP014,Site Delta - Highway Interchange,Low,2026-08-14 12:15:47,45.0,51.3,50.8,15,1.78,Sunny,Intermediate,10.9,Completed
T0686,Earth Excavation,WHE020,OP057,Site Alpha - Sector 4 Foundation,High,2026-08-14 12:57:47,60.0,65.3,62.2,8,2.16,Cloudy,Intermediate,3.4,Completed
T0687,Hauling,COM018,OP014,Site Gamma - River Basin Basin Prep,Medium,2026-08-14 13:39:47,40.0,39.3,39.7,21,3.79,Sunny,Intermediate,1.2,Completed
T0688,Earth Excavation,COM012,OP056,Site Alpha - Sector 4 Foundation,Critical,2026-08-14 14:21:47,60.0,59.7,54.8,9,2.05,Cloudy,Intermediate,1.6,Completed
T0689,Demolition,COM036,OP066,Site Alpha - Sector 1 Quarry,Critical,2026-08-14 15:03:47,110.0,129.3,123.0,14,2.2,Windy,Intermediate,4.3,Completed
T0690,Earth Excavation,WHE002,OP012,Site Alpha - Sector 1 Quarry,High,2026-08-14 15:45:47,60.0,53.2,50.6,9,2.93,Sunny,Expert,1.1,Completed
T0691,Demolition,COM006,OP077,Site Beta - North Overpass,High,2026-08-14 16:27:47,110.0,104.7,100.6,15,0.84,Cloudy,Expert,4.5,Completed
T0692,Hauling,EXC025,OP002,Site Beta - North Overpass,High,2026-08-14 17:09:47,40.0,64.1,61.8,18,3.96,Windy,Beginner,9.2,Completed
T0693,Grading,EXC025,OP100,Site Beta - North Overpass,Low,2026-08-14 17:51:47,90.0,124.4,112.4,11,3.88,Sunny,Beginner,9.2,Completed
T0694,Compaction,COM036,OP032,Site Alpha - Sector 1 Quarry,Medium,2026-08-14 18:33:47,50.0,50.8,51.6,29,1.1,Sunny,Intermediate,4.3,Completed
T0695,Compaction,EXC025,OP022,Site Beta - North Overpass,Medium,2026-08-14 19:15:47,50.0,53.3,52.8,25,4.14,Sunny,Expert,9.2,Completed
T0696,Material Loading,WHE020,OP035,Site Alpha - Sector 4 Foundation,Critical,2026-08-14 19:57:47,45.0,59.0,56.7,10,3.89,Sunny,Beginner,3.4,Completed
T0697,Trenching,DUM005,OP022,Site Beta - North Overpass,Critical,2026-08-14 20:39:47,75.0,77.3,82.3,18,3.45,Sunny,Expert,10.8,Completed
T0698,Material Loading,DOZ027,OP039,Site Gamma - River Basin Basin Prep,Critical,2026-08-14 21:21:47,45.0,44.2,41.9,12,2.02,Cloudy,Expert,4.3,Completed
T0699,Hauling,DUM005,OP047,Site Beta - North Overpass,High,2026-08-14 22:03:47,40.0,47.9,47.6,16,2.07,Sunny,Intermediate,10.8,Completed
T0700,Trenching,DUM047,OP081,Site Delta - Highway Interchange,Critical,2026-08-14 22:45:47,75.0,109.0,116.3,20,1.51,Rainy,Intermediate,10.4,Completed
T0701,Demolition,GRA040,OP026,Site Gamma - River Basin Basin Prep,Critical,2026-08-14 23:27:47,110.0,116.4,104.8,14,3.52,Cloudy,Intermediate,1.3,Completed
T0702,Earth Excavation,DOZ009,OP039,Site Beta - East Trenching Zone,Low,2026-08-15 00:09:47,60.0,51.9,55.7,28,1.93,Sunny,Expert,2.8,Completed
T0703,Grading,GRA022,OP080,Site Alpha - Sector 4 Foundation,Critical,2026-08-15 00:51:47,90.0,110.5,109.0,28,2.32,Rainy,Intermediate,0.8,Completed
T0704,Hauling,GRA022,OP057,Site Alpha - Sector 4 Foundation,High,2026-08-15 01:33:47,40.0,40.2,37.6,11,3.84,Sunny,Intermediate,0.8,Completed
T0705,Grading,COM042,OP077,Site Alpha - Sector 1 Quarry,Medium,2026-08-15 02:15:47,90.0,75.8,77.1,12,1.64,Sunny,Expert,0.7,Completed
T0706,Material Loading,DOZ021,OP078,Site Gamma - River Basin Basin Prep,Medium,2026-08-15 02:57:47,45.0,52.7,51.8,27,1.99,Sunny,Beginner,1.4,Completed
T0707,Grading,DOZ021,OP023,Site Gamma - River Basin Basin Prep,Critical,2026-08-15 03:39:47,90.0,133.0,144.1,20,2.23,Rainy,Beginner,1.4,Completed
T0708,Material Loading,EXC019,OP095,Site Gamma - River Basin Basin Prep,Critical,2026-08-15 04:21:47,45.0,53.8,59.7,13,1.53,Sunny,Beginner,4.5,Completed
T0709,Demolition,GRA016,OP042,Site Delta - Highway Interchange,Critical,2026-08-15 05:03:47,110.0,150.0,152.1,26,1.24,Windy,Beginner,3.2,Completed
T0710,Material Loading,WHE026,OP047,Site Gamma - River Basin Basin Prep,Low,2026-08-15 05:45:47,45.0,42.2,41.8,26,1.39,Sunny,Intermediate,1.5,Completed
T0711,Demolition,EXC013,OP076,Site Beta - East Trenching Zone,Medium,2026-08-15 06:27:47,110.0,113.1,111.0,12,2.18,Sunny,Intermediate,3.2,Completed
T0712,Compaction,WHE050,OP071,Site Alpha - Sector 1 Quarry,Low,2026-08-15 07:09:47,50.0,76.1,87.2,9,3.5,Rainy,Beginner,5.4,Completed
T0713,Compaction,COM030,OP091,Site Beta - East Trenching Zone,Medium,2026-08-15 07:51:47,50.0,48.9,48.4,22,1.6,Sunny,Intermediate,3.2,Completed
T0714,Grading,EXC019,OP089,Site Gamma - River Basin Basin Prep,Low,2026-08-15 08:33:47,90.0,96.2,98.8,24,2.04,Cloudy,Intermediate,4.5,Completed
T0715,Hauling,DOZ027,OP087,Site Gamma - River Basin Basin Prep,Critical,2026-08-15 09:15:47,40.0,52.0,56.5,14,0.47,Rainy,Intermediate,4.3,Completed
T0716,Trenching,DUM041,OP039,Site Alpha - Sector 4 Foundation,Medium,2026-08-15 09:57:47,75.0,67.3,67.9,16,2.8,Sunny,Expert,3.2,Completed
T0717,Material Loading,EXC043,OP020,Site Beta - East Trenching Zone,Critical,2026-08-15 10:39:47,45.0,39.8,39.3,22,1.91,Sunny,Expert,1.8,Completed
T0718,Hauling,EXC025,OP010,Site Beta - North Overpass,Critical,2026-08-15 11:21:47,40.0,47.9,51.2,24,3.34,Cloudy,Intermediate,9.2,Completed
T0719,Demolition,EXC031,OP075,Site Delta - Highway Interchange,Critical,2026-08-15 12:03:47,110.0,133.0,139.0,11,4.25,Rainy,Intermediate,2.5,Completed
T0720,Demolition,DOZ033,OP089,Site Beta - East Trenching Zone,Critical,2026-08-15 12:45:47,110.0,128.3,123.6,24,0.74,Windy,Intermediate,3.2,Completed
T0721,Demolition,DOZ003,OP047,Site Alpha - Sector 4 Foundation,Low,2026-08-15 13:27:47,110.0,111.7,109.0,28,2.11,Sunny,Intermediate,2.4,Completed
T0722,Earth Excavation,WHE050,OP032,Site Alpha - Sector 1 Quarry,High,2026-08-15 14:09:47,60.0,83.4,78.5,28,0.66,Rainy,Intermediate,5.4,Completed
T0723,Trenching,COM042,OP079,Site Alpha - Sector 1 Quarry,Low,2026-08-15 14:51:47,75.0,65.8,62.6,24,2.32,Sunny,Expert,0.7,Completed
T0724,Demolition,COM042,OP087,Site Alpha - Sector 1 Quarry,Critical,2026-08-15 15:33:47,110.0,111.9,106.1,11,1.62,Sunny,Intermediate,0.7,Completed
T0725,Hauling,GRA022,OP056,Site Alpha - Sector 4 Foundation,Low,2026-08-15 16:15:47,40.0,38.5,41.7,19,0.71,Sunny,Intermediate,0.8,Completed
T0726,Earth Excavation,EXC007,OP034,Site Alpha - Sector 4 Foundation,Medium,2026-08-15 16:57:47,60.0,60.1,61.0,17,1.75,Sunny,Intermediate,3.2,Completed
T0727,Demolition,COM048,OP067,Site Delta - Highway Interchange,Medium,2026-08-15 17:39:47,110.0,116.1,122.6,26,2.54,Sunny,Intermediate,3.9,Completed
T0728,Grading,COM024,OP051,Site Delta - Highway Interchange,Critical,2026-08-15 18:21:47,90.0,120.1,123.4,24,3.58,Sunny,Beginner,10.9,Completed
T0729,Hauling,WHE044,OP076,Site Alpha - Sector 4 Foundation,Medium,2026-08-15 19:03:47,40.0,38.8,42.2,13,2.27,Cloudy,Intermediate,1.2,Completed
T0730,Material Loading,WHE002,OP062,Site Alpha - Sector 1 Quarry,Low,2026-08-15 19:45:47,45.0,41.9,44.3,8,2.73,Sunny,Intermediate,1.1,Completed
T0731,Material Loading,DOZ027,OP011,Site Gamma - River Basin Basin Prep,Low,2026-08-15 20:27:47,45.0,70.7,73.2,14,1.78,Rainy,Beginner,4.3,Completed
T0732,Hauling,DUM047,OP019,Site Delta - Highway Interchange,High,2026-08-15 21:09:47,40.0,80.0,83.9,27,2.26,Storm,Beginner,10.4,Completed
T0733,Material Loading,GRA022,OP059,Site Alpha - Sector 4 Foundation,Medium,2026-08-15 21:51:47,45.0,52.0,49.3,26,2.06,Sunny,Beginner,0.8,Completed
T0734,Demolition,EXC031,OP045,Site Delta - Highway Interchange,Critical,2026-08-15 22:33:47,110.0,126.4,124.1,20,2.49,Sunny,Beginner,2.5,Completed
T0735,Earth Excavation,DUM029,OP093,Site Beta - North Overpass,Critical,2026-08-15 23:15:47,60.0,72.5,66.1,28,2.34,Sunny,Beginner,1.0,Completed
T0736,Material Loading,DUM005,OP039,Site Beta - North Overpass,Low,2026-08-15 23:57:47,45.0,46.3,45.3,24,4.13,Sunny,Expert,10.8,Completed
T0737,Hauling,GRA046,OP015,Site Gamma - River Basin Basin Prep,Low,2026-08-16 00:39:47,40.0,38.5,39.8,11,3.47,Sunny,Intermediate,0.6,Completed
T0738,Hauling,GRA022,OP083,Site Alpha - Sector 4 Foundation,Low,2026-08-16 01:21:47,40.0,68.8,64.6,14,2.59,Storm,Beginner,0.8,Completed
T0739,Compaction,DUM011,OP095,Site Delta - Highway Interchange,Medium,2026-08-16 02:03:47,50.0,85.8,83.9,12,0.64,Storm,Beginner,0.6,Completed
T0740,Demolition,COM012,OP071,Site Alpha - Sector 4 Foundation,Medium,2026-08-16 02:45:47,110.0,133.8,116.5,17,4.46,Sunny,Beginner,1.6,Completed
T0741,Material Loading,COM036,OP055,Site Alpha - Sector 1 Quarry,Critical,2026-08-16 03:27:47,45.0,42.7,46.1,10,0.46,Windy,Expert,4.3,Completed
T0742,Trenching,WHE026,OP081,Site Gamma - River Basin Basin Prep,Medium,2026-08-16 04:09:47,75.0,80.1,78.2,20,3.72,Windy,Intermediate,1.5,Completed
T0743,Trenching,DUM041,OP085,Site Alpha - Sector 4 Foundation,Critical,2026-08-16 04:51:47,75.0,78.7,77.5,22,0.99,Cloudy,Intermediate,3.2,Completed
T0744,Grading,WHE002,OP095,Site Alpha - Sector 1 Quarry,Medium,2026-08-16 05:33:47,90.0,109.2,115.5,23,4.36,Cloudy,Beginner,1.1,Completed
T0745,Grading,WHE038,OP055,Site Gamma - River Basin Basin Prep,Critical,2026-08-16 06:15:47,90.0,87.7,94.5,25,3.96,Sunny,Expert,6.6,Completed
T0746,Earth Excavation,GRA046,OP028,Site Gamma - River Basin Basin Prep,Medium,2026-08-16 06:57:47,60.0,65.5,71.0,25,0.94,Sunny,Beginner,0.6,Completed
T0747,Material Loading,EXC049,OP091,Site Alpha - Sector 4 Foundation,Low,2026-08-16 07:39:47,45.0,53.4,56.4,15,4.36,Windy,Intermediate,6.5,Completed
T0748,Demolition,EXC007,OP069,Site Alpha - Sector 4 Foundation,Medium,2026-08-16 08:21:47,110.0,165.8,164.2,19,1.06,Storm,Intermediate,3.2,Completed
T0749,Material Loading,DOZ021,OP026,Site Gamma - River Basin Basin Prep,Critical,2026-08-16 09:03:47,45.0,44.7,43.7,13,0.84,Sunny,Intermediate,1.4,Completed
T0750,Earth Excavation,DUM017,OP086,Site Alpha - Sector 1 Quarry,Critical,2026-08-16 09:45:47,60.0,68.9,66.1,19,4.29,Windy,Intermediate,1.7,Completed
T0751,Demolition,DUM041,OP041,Site Alpha - Sector 4 Foundation,Critical,2026-08-16 10:27:47,110.0,112.4,116.8,22,2.76,Windy,Expert,3.2,Completed
T0752,Demolition,WHE026,OP076,Site Gamma - River Basin Basin Prep,Low,2026-08-16 11:09:47,110.0,111.1,114.3,14,3.18,Cloudy,Intermediate,1.5,Completed
T0753,Material Loading,DUM023,OP059,Site Gamma - River Basin Basin Prep,Medium,2026-08-16 11:51:47,45.0,61.4,56.3,9,3.85,Windy,Beginner,4.9,Completed
T0754,Hauling,WHE044,OP091,Site Alpha - Sector 4 Foundation,High,2026-08-16 12:33:47,40.0,38.4,39.3,17,0.89,Sunny,Intermediate,1.2,Completed
T0755,Demolition,WHE038,OP011,Site Gamma - River Basin Basin Prep,Medium,2026-08-16 13:15:47,110.0,138.2,137.8,20,2.63,Sunny,Beginner,6.6,Completed
T0756,Material Loading,WHE008,OP031,Site Alpha - Sector 1 Quarry,High,2026-08-16 13:57:47,45.0,48.8,45.4,13,3.52,Sunny,Intermediate,6.4,Completed
T0757,Earth Excavation,COM012,OP048,Site Alpha - Sector 4 Foundation,Medium,2026-08-16 14:39:47,60.0,86.8,83.1,10,3.68,Rainy,Beginner,1.6,Completed
T0758,Demolition,EXC025,OP054,Site Beta - North Overpass,Medium,2026-08-16 15:21:47,110.0,156.0,143.6,15,0.78,Cloudy,Beginner,9.2,Completed
T0759,Demolition,EXC025,OP055,Site Beta - North Overpass,Medium,2026-08-16 16:03:47,110.0,109.7,109.9,24,3.28,Sunny,Expert,9.2,Completed
T0760,Grading,DUM041,OP069,Site Alpha - Sector 4 Foundation,Medium,2026-08-16 16:45:47,90.0,91.5,85.9,18,3.95,Sunny,Intermediate,3.2,Completed
T0761,Demolition,DUM011,OP063,Site Delta - Highway Interchange,High,2026-08-16 17:27:47,110.0,154.7,166.8,19,3.38,Rainy,Beginner,0.6,Completed
T0762,Trenching,COM012,OP041,Site Alpha - Sector 4 Foundation,Critical,2026-08-16 18:09:47,75.0,71.3,69.8,17,1.04,Cloudy,Expert,1.6,Completed
T0763,Demolition,GRA004,OP046,Site Beta - North Overpass,Low,2026-08-16 18:51:47,110.0,102.5,113.0,10,1.47,Sunny,Expert,4.9,Completed
T0764,Grading,DOZ009,OP025,Site Beta - East Trenching Zone,Critical,2026-08-16 19:33:47,90.0,91.3,87.7,17,2.99,Sunny,Intermediate,2.8,Completed
T0765,Demolition,DOZ033,OP084,Site Beta - East Trenching Zone,Critical,2026-08-16 20:15:47,110.0,133.2,129.0,14,1.62,Sunny,Beginner,3.2,Completed
T0766,Grading,WHE044,OP063,Site Alpha - Sector 4 Foundation,Critical,2026-08-16 20:57:47,90.0,105.4,100.6,19,0.95,Sunny,Beginner,1.2,Completed
T0767,Compaction,DUM029,OP063,Site Beta - North Overpass,Medium,2026-08-16 21:39:47,50.0,67.7,60.1,9,4.09,Windy,Beginner,1.0,Completed
T0768,Earth Excavation,EXC037,OP004,Site Beta - North Overpass,Medium,2026-08-16 22:21:47,60.0,80.9,73.4,15,2.77,Sunny,Beginner,6.0,Completed
T0769,Material Loading,DOZ003,OP036,Site Alpha - Sector 4 Foundation,Medium,2026-08-16 23:03:47,45.0,55.6,49.3,14,3.78,Cloudy,Beginner,2.4,Completed
T0770,Demolition,EXC019,OP022,Site Gamma - River Basin Basin Prep,Critical,2026-08-16 23:45:47,110.0,100.7,99.6,23,4.5,Sunny,Expert,4.5,Completed
T0771,Demolition,COM048,OP099,Site Delta - Highway Interchange,Critical,2026-08-17 00:27:47,110.0,148.5,120.0,9,4.0,Cloudy,Beginner,3.9,Completed
T0772,Demolition,DOZ033,OP015,Site Beta - East Trenching Zone,Low,2026-08-17 01:09:47,110.0,116.8,117.6,28,0.93,Sunny,Intermediate,3.2,Completed
T0773,Material Loading,WHE050,OP070,Site Alpha - Sector 1 Quarry,High,2026-08-17 01:51:47,45.0,55.8,54.4,20,0.6,Sunny,Beginner,5.4,Completed
T0774,Demolition,EXC049,OP006,Site Alpha - Sector 4 Foundation,Critical,2026-08-17 02:33:47,110.0,95.4,107.9,13,1.99,Sunny,Expert,6.5,Completed
T0775,Demolition,WHE014,OP055,Site Alpha - Sector 1 Quarry,Low,2026-08-17 03:15:47,110.0,100.8,98.2,29,3.02,Cloudy,Expert,3.6,Completed
T0776,Compaction,COM042,OP097,Site Alpha - Sector 1 Quarry,Medium,2026-08-17 03:57:47,50.0,59.9,55.4,8,4.49,Rainy,Intermediate,0.7,Completed
T0777,Material Loading,DOZ003,OP058,Site Alpha - Sector 4 Foundation,High,2026-08-17 04:39:47,45.0,47.1,48.9,11,3.77,Sunny,Intermediate,2.4,Completed
T0778,Material Loading,COM006,OP057,Site Beta - North Overpass,Low,2026-08-17 05:21:47,45.0,49.2,48.6,14,3.55,Sunny,Intermediate,4.5,Completed
T0779,Hauling,GRA016,OP027,Site Delta - Highway Interchange,High,2026-08-17 06:03:47,40.0,50.9,47.1,9,3.79,Sunny,Beginner,3.2,Completed
T0780,Hauling,GRA046,OP079,Site Gamma - River Basin Basin Prep,Critical,2026-08-17 06:45:47,40.0,32.6,32.8,9,2.3,Sunny,Expert,0.6,Completed
T0781,Trenching,GRA040,OP018,Site Gamma - River Basin Basin Prep,Medium,2026-08-17 07:27:47,75.0,77.1,80.9,22,4.39,Rainy,Expert,1.3,Completed
T0782,Hauling,WHE014,OP008,Site Alpha - Sector 1 Quarry,High,2026-08-17 08:09:47,40.0,37.2,34.1,28,3.12,Sunny,Expert,3.6,Completed
T0783,Demolition,COM018,OP077,Site Gamma - River Basin Basin Prep,Medium,2026-08-17 08:51:47,110.0,93.8,95.7,22,3.09,Sunny,Expert,1.2,Completed
T0784,Material Loading,GRA046,OP038,Site Gamma - River Basin Basin Prep,High,2026-08-17 09:33:47,45.0,55.4,52.9,20,2.24,Rainy,Intermediate,0.6,Completed
T0785,Demolition,COM018,OP066,Site Gamma - River Basin Basin Prep,Low,2026-08-17 10:15:47,110.0,113.4,105.4,13,2.45,Cloudy,Intermediate,1.2,Completed
T0786,Trenching,EXC049,OP053,Site Alpha - Sector 4 Foundation,Low,2026-08-17 10:57:47,75.0,122.8,112.1,15,1.4,Rainy,Beginner,6.5,Completed
T0787,Material Loading,COM042,OP017,Site Alpha - Sector 1 Quarry,Medium,2026-08-17 11:39:47,45.0,52.2,59.3,26,2.99,Sunny,Beginner,0.7,Completed
T0788,Trenching,GRA010,OP092,Site Beta - East Trenching Zone,High,2026-08-17 12:21:47,75.0,96.8,100.8,23,2.79,Cloudy,Beginner,3.4,Completed
T0789,Hauling,GRA016,OP098,Site Delta - Highway Interchange,Critical,2026-08-17 13:03:47,40.0,40.1,42.4,11,1.17,Windy,Expert,3.2,Completed
T0790,Grading,GRA010,OP074,Site Beta - East Trenching Zone,High,2026-08-17 13:45:47,90.0,95.0,89.3,23,2.75,Sunny,Intermediate,3.4,Completed
T0791,Compaction,DOZ027,OP049,Site Gamma - River Basin Basin Prep,Critical,2026-08-17 14:27:47,50.0,64.1,64.3,20,0.51,Sunny,Beginner,4.3,Completed
T0792,Earth Excavation,DUM041,OP099,Site Alpha - Sector 4 Foundation,Low,2026-08-17 15:09:47,60.0,77.5,70.3,12,4.06,Cloudy,Beginner,3.2,Completed
T0793,Grading,DOZ033,OP096,Site Beta - East Trenching Zone,High,2026-08-17 15:51:47,90.0,85.4,78.5,9,3.17,Cloudy,Expert,3.2,Completed
T0794,Compaction,COM024,OP059,Site Delta - Highway Interchange,Critical,2026-08-17 16:33:47,50.0,67.5,73.5,10,2.87,Sunny,Beginner,10.9,Completed
T0795,Material Loading,WHE038,OP001,Site Gamma - River Basin Basin Prep,Low,2026-08-17 17:15:47,45.0,44.0,41.8,25,3.82,Sunny,Expert,6.6,Completed
T0796,Compaction,COM030,OP082,Site Beta - East Trenching Zone,High,2026-08-17 17:57:47,50.0,45.9,48.6,24,2.17,Cloudy,Expert,3.2,Completed
T0797,Hauling,DUM005,OP069,Site Beta - North Overpass,Critical,2026-08-17 18:39:47,40.0,50.6,51.5,29,2.95,Windy,Intermediate,10.8,Completed
T0798,Trenching,GRA028,OP028,Site Gamma - River Basin Basin Prep,Critical,2026-08-17 19:21:47,75.0,93.1,98.0,17,3.51,Sunny,Beginner,4.8,Completed
T0799,Material Loading,DOZ021,OP037,Site Gamma - River Basin Basin Prep,High,2026-08-17 20:03:47,45.0,53.8,52.9,24,1.44,Sunny,Beginner,1.4,Completed
T0800,Demolition,EXC037,OP017,Site Beta - North Overpass,Critical,2026-08-17 20:45:47,110.0,131.8,135.3,8,3.49,Sunny,Beginner,6.0,Completed
T0801,Hauling,GRA022,OP088,Site Alpha - Sector 4 Foundation,Low,2026-08-17 21:27:47,40.0,38.7,35.1,17,0.41,Sunny,Intermediate,0.8,Completed
T0802,Earth Excavation,EXC007,OP081,Site Alpha - Sector 4 Foundation,Critical,2026-08-17 22:09:47,60.0,78.5,81.1,8,0.82,Rainy,Intermediate,3.2,Completed
T0803,Earth Excavation,WHE008,OP021,Site Alpha - Sector 1 Quarry,Critical,2026-08-17 22:51:47,60.0,66.1,61.1,11,2.64,Sunny,Intermediate,6.4,Completed
T0804,Grading,EXC001,OP055,Site Alpha - Sector 4 Foundation,Medium,2026-08-17 23:33:47,90.0,80.7,82.1,10,1.65,Cloudy,Expert,2.4,Completed
T0805,Compaction,DOZ009,OP084,Site Beta - East Trenching Zone,High,2026-08-18 00:15:47,50.0,67.1,61.5,26,0.93,Windy,Beginner,2.8,Completed
T0806,Trenching,COM018,OP012,Site Gamma - River Basin Basin Prep,High,2026-08-18 00:57:47,75.0,63.9,62.4,11,0.76,Sunny,Expert,1.2,Completed
T0807,Material Loading,COM006,OP048,Site Beta - North Overpass,Medium,2026-08-18 01:39:47,45.0,57.5,59.5,25,2.6,Sunny,Beginner,4.5,Completed
T0808,Earth Excavation,WHE026,OP081,Site Gamma - River Basin Basin Prep,High,2026-08-18 02:21:47,60.0,59.5,60.8,14,0.82,Cloudy,Intermediate,1.5,Completed
T0809,Compaction,DOZ045,OP097,Site Gamma - River Basin Basin Prep,Medium,2026-08-18 03:03:47,50.0,55.9,57.5,26,3.81,Cloudy,Intermediate,4.0,Completed
T0810,Grading,COM042,OP012,Site Alpha - Sector 1 Quarry,Low,2026-08-18 03:45:47,90.0,113.9,110.1,10,1.33,Storm,Expert,0.7,Completed
T0811,Earth Excavation,WHE014,OP062,Site Alpha - Sector 1 Quarry,Low,2026-08-18 04:27:47,60.0,83.0,73.6,25,1.97,Rainy,Intermediate,3.6,Completed
T0812,Trenching,WHE038,OP029,Site Gamma - River Basin Basin Prep,Critical,2026-08-18 05:09:47,75.0,69.8,71.2,10,2.75,Sunny,Expert,6.6,Completed
T0813,Earth Excavation,EXC001,OP090,Site Alpha - Sector 4 Foundation,High,2026-08-18 05:51:47,60.0,69.2,63.9,12,3.99,Rainy,Expert,2.4,Completed
T0814,Hauling,WHE008,OP055,Site Alpha - Sector 1 Quarry,Medium,2026-08-18 06:33:47,40.0,36.9,35.1,16,1.51,Sunny,Expert,6.4,Completed
T0815,Grading,DUM005,OP030,Site Beta - North Overpass,Critical,2026-08-18 07:15:47,90.0,103.2,95.9,22,1.94,Windy,Expert,10.8,Completed
T0816,Earth Excavation,DUM047,OP014,Site Delta - Highway Interchange,Low,2026-08-18 07:57:47,60.0,88.8,92.8,23,4.24,Rainy,Intermediate,10.4,Completed
T0817,Material Loading,COM024,OP039,Site Delta - Highway Interchange,Medium,2026-08-18 08:39:47,45.0,45.1,44.4,23,4.5,Sunny,Expert,10.9,Completed
T0818,Grading,WHE050,OP097,Site Alpha - Sector 1 Quarry,Medium,2026-08-18 09:21:47,90.0,99.8,108.4,27,4.15,Cloudy,Intermediate,5.4,Completed
T0819,Compaction,WHE044,OP019,Site Alpha - Sector 4 Foundation,Low,2026-08-18 10:03:47,50.0,56.5,56.2,20,4.35,Sunny,Beginner,1.2,Completed
T0820,Demolition,EXC037,OP002,Site Beta - North Overpass,Medium,2026-08-18 10:45:47,110.0,136.2,134.1,19,3.61,Sunny,Beginner,6.0,Completed
T0821,Grading,DUM023,OP093,Site Gamma - River Basin Basin Prep,Medium,2026-08-18 11:27:47,90.0,118.1,104.0,9,4.42,Sunny,Beginner,4.9,Completed
T0822,Compaction,COM048,OP020,Site Delta - Highway Interchange,Critical,2026-08-18 12:09:47,50.0,44.3,46.6,19,0.96,Sunny,Expert,3.9,Completed
T0823,Demolition,WHE044,OP057,Site Alpha - Sector 4 Foundation,Medium,2026-08-18 12:51:47,110.0,119.4,128.2,22,4.21,Windy,Intermediate,1.2,Completed
T0824,Earth Excavation,EXC007,OP018,Site Alpha - Sector 4 Foundation,Low,2026-08-18 13:33:47,60.0,56.6,53.9,19,2.91,Sunny,Expert,3.2,Completed
T0825,Demolition,DUM047,OP050,Site Delta - Highway Interchange,High,2026-08-18 14:15:47,110.0,128.2,127.5,29,2.59,Sunny,Intermediate,10.4,Completed
T0826,Grading,DOZ021,OP018,Site Gamma - River Basin Basin Prep,Medium,2026-08-18 14:57:47,90.0,85.7,90.8,28,1.81,Windy,Expert,1.4,Completed
T0827,Material Loading,COM042,OP011,Site Alpha - Sector 1 Quarry,Medium,2026-08-18 15:39:47,45.0,60.2,53.1,11,2.88,Windy,Beginner,0.7,Completed
T0828,Demolition,DOZ039,OP077,Site Alpha - Sector 1 Quarry,High,2026-08-18 16:21:47,110.0,98.2,88.0,15,0.52,Sunny,Expert,1.5,Completed
T0829,Hauling,DOZ045,OP004,Site Gamma - River Basin Basin Prep,High,2026-08-18 17:03:47,40.0,46.0,49.1,18,3.42,Sunny,Beginner,4.0,Completed
T0830,Trenching,GRA034,OP078,Site Alpha - Sector 4 Foundation,Medium,2026-08-18 17:45:47,75.0,89.5,91.2,16,1.19,Sunny,Beginner,0.8,Completed
T0831,Compaction,WHE026,OP038,Site Gamma - River Basin Basin Prep,Low,2026-08-18 18:27:47,50.0,50.2,49.9,15,3.23,Sunny,Intermediate,1.5,Completed
T0832,Hauling,GRA016,OP064,Site Delta - Highway Interchange,Critical,2026-08-18 19:09:47,40.0,48.1,48.2,26,2.52,Sunny,Beginner,3.2,Completed
T0833,Earth Excavation,GRA016,OP064,Site Delta - Highway Interchange,Low,2026-08-18 19:51:47,60.0,78.8,74.3,26,4.0,Windy,Beginner,3.2,Completed
T0834,Demolition,EXC001,OP047,Site Alpha - Sector 4 Foundation,High,2026-08-18 20:33:47,110.0,114.7,108.6,17,2.97,Sunny,Intermediate,2.4,Completed
T0835,Trenching,EXC025,OP073,Site Beta - North Overpass,Critical,2026-08-18 21:15:47,75.0,75.2,72.1,20,0.52,Sunny,Expert,9.2,Completed
T0836,Material Loading,DUM035,OP088,Site Beta - North Overpass,Medium,2026-08-18 21:57:47,45.0,46.4,44.6,28,2.97,Windy,Intermediate,3.2,Completed
T0837,Hauling,EXC031,OP099,Site Delta - Highway Interchange,Low,2026-08-18 22:39:47,40.0,50.6,54.3,24,3.96,Cloudy,Beginner,2.5,Completed
T0838,Earth Excavation,WHE038,OP009,Site Gamma - River Basin Basin Prep,Low,2026-08-18 23:21:47,60.0,79.7,81.5,24,2.3,Cloudy,Beginner,6.6,Completed
T0839,Material Loading,WHE014,OP006,Site Alpha - Sector 1 Quarry,Low,2026-08-19 00:03:47,45.0,41.5,41.2,13,2.4,Sunny,Expert,3.6,Completed
T0840,Hauling,WHE026,OP065,Site Gamma - River Basin Basin Prep,High,2026-08-19 00:45:47,40.0,57.9,60.2,23,1.94,Rainy,Beginner,1.5,Completed
T0841,Compaction,GRA046,OP065,Site Gamma - River Basin Basin Prep,Critical,2026-08-19 01:27:47,50.0,56.2,57.2,28,1.64,Sunny,Beginner,0.6,Completed
T0842,Grading,DOZ045,OP052,Site Gamma - River Basin Basin Prep,Low,2026-08-19 02:09:47,90.0,109.3,122.6,9,3.31,Rainy,Intermediate,4.0,Completed
T0843,Compaction,DUM035,OP069,Site Beta - North Overpass,Medium,2026-08-19 02:51:47,50.0,52.4,55.4,13,1.87,Sunny,Intermediate,3.2,Completed
T0844,Material Loading,COM006,OP040,Site Beta - North Overpass,Low,2026-08-19 03:33:47,45.0,48.1,43.5,16,1.12,Sunny,Intermediate,4.5,Completed
T0845,Demolition,WHE014,OP020,Site Alpha - Sector 1 Quarry,High,2026-08-19 04:15:47,110.0,106.9,110.1,12,4.39,Windy,Expert,3.6,Completed
T0846,Grading,WHE038,OP082,Site Gamma - River Basin Basin Prep,Low,2026-08-19 04:57:47,90.0,84.3,93.7,23,4.45,Sunny,Expert,6.6,Completed
T0847,Material Loading,DOZ045,OP056,Site Gamma - River Basin Basin Prep,Medium,2026-08-19 05:39:47,45.0,48.8,47.4,21,3.87,Cloudy,Intermediate,4.0,Completed
T0848,Earth Excavation,GRA016,OP012,Site Delta - Highway Interchange,Critical,2026-08-19 06:21:47,60.0,51.9,49.8,16,0.48,Sunny,Expert,3.2,Completed
T0849,Earth Excavation,COM030,OP079,Site Beta - East Trenching Zone,Low,2026-08-19 07:03:47,60.0,53.8,54.9,13,3.92,Sunny,Expert,3.2,Completed
T0850,Material Loading,EXC043,OP095,Site Beta - East Trenching Zone,Medium,2026-08-19 07:45:47,45.0,56.6,50.1,23,0.58,Cloudy,Beginner,1.8,Completed
T0851,Earth Excavation,EXC001,OP091,Site Alpha - Sector 4 Foundation,Medium,2026-08-19 08:27:47,60.0,60.1,62.5,28,3.72,Sunny,Intermediate,2.4,Completed
T0852,Compaction,EXC001,OP021,Site Alpha - Sector 4 Foundation,Critical,2026-08-19 09:09:47,50.0,51.1,51.8,19,2.38,Sunny,Intermediate,2.4,Completed
T0853,Material Loading,GRA034,OP067,Site Alpha - Sector 4 Foundation,High,2026-08-19 09:51:47,45.0,42.2,44.6,29,4.37,Sunny,Intermediate,0.8,Completed
T0854,Trenching,COM024,OP017,Site Delta - Highway Interchange,High,2026-08-19 10:33:47,75.0,103.3,104.9,8,1.52,Sunny,Beginner,10.9,Completed
T0855,Compaction,WHE008,OP099,Site Alpha - Sector 1 Quarry,Low,2026-08-19 11:15:47,50.0,66.0,66.7,18,0.99,Cloudy,Beginner,6.4,Completed
T0856,Material Loading,GRA028,OP035,Site Gamma - River Basin Basin Prep,Low,2026-08-19 11:57:47,45.0,70.7,72.6,14,2.86,Rainy,Beginner,4.8,Completed
T0857,Material Loading,GRA046,OP074,Site Gamma - River Basin Basin Prep,Low,2026-08-19 12:39:47,45.0,54.7,56.3,27,2.45,Rainy,Intermediate,0.6,Completed
T0858,Grading,COM030,OP066,Site Beta - East Trenching Zone,High,2026-08-19 13:21:47,90.0,99.6,96.6,13,1.73,Cloudy,Intermediate,3.2,Completed
T0859,Earth Excavation,WHE032,OP073,Site Beta - East Trenching Zone,Medium,2026-08-19 14:03:47,60.0,65.4,62.2,26,2.91,Rainy,Expert,0.7,Completed
T0860,Material Loading,DUM011,OP033,Site Delta - Highway Interchange,Low,2026-08-19 14:45:47,45.0,44.3,46.3,20,0.53,Cloudy,Intermediate,0.6,Completed
T0861,Demolition,WHE044,OP093,Site Alpha - Sector 4 Foundation,Low,2026-08-19 15:27:47,110.0,164.0,156.8,12,2.27,Rainy,Beginner,1.2,Completed
T0862,Trenching,COM048,OP066,Site Delta - Highway Interchange,Low,2026-08-19 16:09:47,75.0,80.2,86.2,23,0.77,Cloudy,Intermediate,3.9,Completed
T0863,Earth Excavation,EXC001,OP032,Site Alpha - Sector 4 Foundation,Low,2026-08-19 16:51:47,60.0,76.9,76.1,21,4.16,Rainy,Intermediate,2.4,Completed
T0864,Grading,COM024,OP050,Site Delta - Highway Interchange,Medium,2026-08-19 17:33:47,90.0,102.7,106.8,15,3.35,Sunny,Intermediate,10.9,Completed
T0865,Trenching,DOZ003,OP071,Site Alpha - Sector 4 Foundation,Critical,2026-08-19 18:15:47,75.0,87.7,87.6,25,3.26,Sunny,Beginner,2.4,Completed
T0866,Trenching,DOZ021,OP032,Site Gamma - River Basin Basin Prep,Critical,2026-08-19 18:57:47,75.0,74.6,69.6,17,3.98,Sunny,Intermediate,1.4,Completed
T0867,Compaction,DOZ021,OP035,Site Gamma - River Basin Basin Prep,Low,2026-08-19 19:39:47,50.0,60.2,59.1,25,2.26,Sunny,Beginner,1.4,Completed
T0868,Demolition,COM024,OP016,Site Delta - Highway Interchange,Low,2026-08-19 20:21:47,110.0,151.9,157.7,28,4.24,Sunny,Beginner,10.9,Completed
T0869,Trenching,DOZ015,OP067,Site Delta - Highway Interchange,Low,2026-08-19 21:03:47,75.0,81.7,76.2,27,2.8,Cloudy,Intermediate,2.7,Completed
T0870,Grading,DUM005,OP060,Site Beta - North Overpass,High,2026-08-19 21:45:47,90.0,120.6,130.9,21,0.63,Windy,Intermediate,10.8,Completed
T0871,Hauling,WHE020,OP042,Site Alpha - Sector 4 Foundation,Low,2026-08-19 22:27:47,40.0,60.3,64.2,29,2.75,Rainy,Beginner,3.4,Completed
T0872,Demolition,COM030,OP002,Site Beta - East Trenching Zone,High,2026-08-19 23:09:47,110.0,136.8,139.9,27,2.69,Cloudy,Beginner,3.2,Completed
T0873,Trenching,EXC019,OP073,Site Gamma - River Basin Basin Prep,High,2026-08-19 23:51:47,75.0,65.0,71.1,24,0.54,Sunny,Expert,4.5,Completed
T0874,Compaction,GRA040,OP032,Site Gamma - River Basin Basin Prep,Critical,2026-08-20 00:33:47,50.0,53.2,47.6,19,1.62,Cloudy,Intermediate,1.3,Completed
T0875,Material Loading,WHE038,OP064,Site Gamma - River Basin Basin Prep,Medium,2026-08-20 01:15:47,45.0,56.1,61.0,16,2.44,Sunny,Beginner,6.6,Completed
T0876,Compaction,DUM035,OP098,Site Beta - North Overpass,Medium,2026-08-20 01:57:47,50.0,44.4,48.8,28,0.49,Sunny,Expert,3.2,Completed
T0877,Trenching,EXC001,OP053,Site Alpha - Sector 4 Foundation,Low,2026-08-20 02:39:47,75.0,91.1,89.9,8,4.28,Sunny,Beginner,2.4,Completed
T0878,Trenching,DUM035,OP045,Site Beta - North Overpass,Low,2026-08-20 03:21:47,75.0,92.9,96.8,21,3.2,Cloudy,Beginner,3.2,Completed
T0879,Material Loading,EXC001,OP098,Site Alpha - Sector 4 Foundation,Critical,2026-08-20 04:03:47,45.0,40.0,36.1,17,1.5,Sunny,Expert,2.4,Completed
T0880,Hauling,COM048,OP094,Site Delta - Highway Interchange,High,2026-08-20 04:45:47,40.0,42.8,39.2,20,2.79,Sunny,Intermediate,3.9,Completed
T0881,Earth Excavation,WHE014,OP068,Site Alpha - Sector 1 Quarry,Medium,2026-08-20 05:27:47,60.0,75.7,77.3,21,1.51,Sunny,Beginner,3.6,Completed
T0882,Grading,WHE032,OP008,Site Beta - East Trenching Zone,Medium,2026-08-20 06:09:47,90.0,116.9,106.5,27,3.39,Storm,Expert,0.7,Completed
T0883,Compaction,COM018,OP012,Site Gamma - River Basin Basin Prep,Low,2026-08-20 06:51:47,50.0,44.1,44.8,18,4.5,Sunny,Expert,1.2,Completed
T0884,Trenching,GRA034,OP053,Site Alpha - Sector 4 Foundation,High,2026-08-20 07:33:47,75.0,86.0,85.4,26,1.02,Cloudy,Beginner,0.8,Completed
T0885,Grading,COM048,OP011,Site Delta - Highway Interchange,Low,2026-08-20 08:15:47,90.0,115.8,128.5,25,1.2,Windy,Beginner,3.9,Completed
T0886,Demolition,DOZ009,OP082,Site Beta - East Trenching Zone,Critical,2026-08-20 08:57:47,110.0,103.8,109.4,29,4.23,Cloudy,Expert,2.8,Completed
T0887,Earth Excavation,WHE038,OP073,Site Gamma - River Basin Basin Prep,Low,2026-08-20 09:39:47,60.0,60.5,60.8,9,0.84,Cloudy,Expert,6.6,Completed
T0888,Grading,EXC043,OP017,Site Beta - East Trenching Zone,Medium,2026-08-20 10:21:47,90.0,102.5,108.9,25,0.51,Sunny,Beginner,1.8,Completed
T0889,Material Loading,DUM017,OP041,Site Alpha - Sector 1 Quarry,Critical,2026-08-20 11:03:47,45.0,40.4,41.4,14,0.66,Sunny,Expert,1.7,Completed
T0890,Compaction,COM048,OP042,Site Delta - Highway Interchange,High,2026-08-20 11:45:47,50.0,61.7,63.1,29,2.42,Sunny,Beginner,3.9,Completed
T0891,Grading,COM018,OP030,Site Gamma - River Basin Basin Prep,Low,2026-08-20 12:27:47,90.0,78.2,75.4,15,2.07,Sunny,Expert,1.2,Completed
T0892,Trenching,DOZ009,OP100,Site Beta - East Trenching Zone,Low,2026-08-20 13:09:47,75.0,116.7,101.4,9,4.03,Rainy,Beginner,2.8,Completed
T0893,Trenching,EXC007,OP022,Site Alpha - Sector 4 Foundation,Critical,2026-08-20 13:51:47,75.0,72.5,73.3,24,2.45,Windy,Expert,3.2,Completed
T0894,Grading,DOZ021,OP053,Site Gamma - River Basin Basin Prep,Low,2026-08-20 14:33:47,90.0,103.6,103.4,21,1.88,Sunny,Beginner,1.4,Completed
T0895,Demolition,DUM023,OP099,Site Gamma - River Basin Basin Prep,Medium,2026-08-20 15:15:47,110.0,138.4,138.2,13,3.61,Sunny,Beginner,4.9,Completed
T0896,Grading,WHE020,OP060,Site Alpha - Sector 4 Foundation,High,2026-08-20 15:57:47,90.0,95.0,92.6,8,4.17,Sunny,Intermediate,3.4,Completed
T0897,Hauling,WHE008,OP012,Site Alpha - Sector 1 Quarry,Medium,2026-08-20 16:39:47,40.0,36.7,36.2,27,4.29,Sunny,Expert,6.4,Completed
T0898,Hauling,WHE044,OP039,Site Alpha - Sector 4 Foundation,Low,2026-08-20 17:21:47,40.0,33.6,34.1,15,2.44,Sunny,Expert,1.2,Completed
T0899,Trenching,DOZ021,OP019,Site Gamma - River Basin Basin Prep,Low,2026-08-20 18:03:47,75.0,82.8,88.1,12,0.83,Sunny,Beginner,1.4,Completed
T0900,Compaction,GRA016,OP046,Site Delta - Highway Interchange,Critical,2026-08-20 18:45:47,50.0,47.7,44.3,12,3.67,Cloudy,Expert,3.2,Completed
T0901,Demolition,GRA004,OP087,Site Beta - North Overpass,High,2026-08-20 19:27:47,110.0,108.2,116.3,21,1.12,Sunny,Intermediate,4.9,Completed
T0902,Material Loading,COM012,OP004,Site Alpha - Sector 4 Foundation,Critical,2026-08-20 20:09:47,45.0,52.9,53.4,12,2.67,Cloudy,Beginner,1.6,Completed
T0903,Hauling,DUM029,OP072,Site Beta - North Overpass,Medium,2026-08-20 20:51:47,40.0,47.8,44.3,23,1.85,Rainy,Intermediate,1.0,Completed
T0904,Earth Excavation,COM030,OP014,Site Beta - East Trenching Zone,Medium,2026-08-20 21:33:47,60.0,64.4,70.2,14,0.79,Cloudy,Intermediate,3.2,Completed
T0905,Earth Excavation,EXC001,OP008,Site Alpha - Sector 4 Foundation,Medium,2026-08-20 22:15:47,60.0,57.1,59.1,25,1.09,Windy,Expert,2.4,Completed
T0906,Trenching,EXC013,OP052,Site Beta - East Trenching Zone,High,2026-08-20 22:57:47,75.0,96.6,97.1,22,1.78,Rainy,Intermediate,3.2,Completed
T0907,Compaction,DUM041,OP083,Site Alpha - Sector 4 Foundation,Low,2026-08-20 23:39:47,50.0,57.8,70.1,28,3.16,Cloudy,Beginner,3.2,Completed
T0908,Demolition,WHE038,OP034,Site Gamma - River Basin Basin Prep,Low,2026-08-21 00:21:47,110.0,119.5,122.3,25,3.85,Sunny,Intermediate,6.6,Completed
T0909,Earth Excavation,DUM005,OP026,Site Beta - North Overpass,Critical,2026-08-21 01:03:47,60.0,71.0,70.8,15,4.09,Sunny,Intermediate,10.8,Completed
T0910,Hauling,DOZ009,OP012,Site Beta - East Trenching Zone,High,2026-08-21 01:45:47,40.0,39.0,40.3,8,3.83,Cloudy,Expert,2.8,Completed
T0911,Earth Excavation,DOZ003,OP060,Site Alpha - Sector 4 Foundation,Low,2026-08-21 02:27:47,60.0,76.7,73.4,15,3.7,Rainy,Intermediate,2.4,Completed
T0912,Trenching,EXC037,OP056,Site Beta - North Overpass,Critical,2026-08-21 03:09:47,75.0,78.4,81.0,15,0.98,Sunny,Intermediate,6.0,Completed
T0913,Grading,WHE002,OP049,Site Alpha - Sector 1 Quarry,Critical,2026-08-21 03:51:47,90.0,103.8,107.5,16,0.99,Sunny,Beginner,1.1,Completed
T0914,Trenching,DUM023,OP028,Site Gamma - River Basin Basin Prep,Medium,2026-08-21 04:33:47,75.0,89.9,98.9,27,3.26,Sunny,Beginner,4.9,Completed
T0915,Material Loading,COM018,OP058,Site Gamma - River Basin Basin Prep,Medium,2026-08-21 05:15:47,45.0,51.0,48.0,9,1.68,Windy,Intermediate,1.2,Completed
T0916,Earth Excavation,GRA040,OP080,Site Gamma - River Basin Basin Prep,Medium,2026-08-21 05:57:47,60.0,66.8,62.2,24,1.07,Cloudy,Intermediate,1.3,Completed
T0917,Compaction,EXC019,OP064,Site Gamma - River Basin Basin Prep,Critical,2026-08-21 06:39:47,50.0,63.9,59.8,9,2.56,Sunny,Beginner,4.5,Completed
T0918,Demolition,EXC031,OP008,Site Delta - Highway Interchange,Low,2026-08-21 07:21:47,110.0,97.7,94.9,27,3.39,Cloudy,Expert,2.5,Completed
T0919,Material Loading,EXC025,OP018,Site Beta - North Overpass,Critical,2026-08-21 08:03:47,45.0,45.1,44.4,20,2.77,Sunny,Expert,9.2,Completed
T0920,Trenching,COM042,OP068,Site Alpha - Sector 1 Quarry,Medium,2026-08-21 08:45:47,75.0,89.1,86.1,20,2.64,Cloudy,Beginner,0.7,Completed
T0921,Compaction,DUM035,OP003,Site Beta - North Overpass,Critical,2026-08-21 09:27:47,50.0,61.0,63.1,24,1.69,Sunny,Beginner,3.2,Completed
T0922,Hauling,GRA046,OP046,Site Gamma - River Basin Basin Prep,Critical,2026-08-21 10:09:47,40.0,32.6,33.1,18,1.98,Sunny,Expert,0.6,Completed
T0923,Demolition,WHE032,OP045,Site Beta - East Trenching Zone,High,2026-08-21 10:51:47,110.0,127.2,129.0,15,2.1,Sunny,Beginner,0.7,Completed
T0924,Grading,COM018,OP024,Site Gamma - River Basin Basin Prep,Low,2026-08-21 11:33:47,90.0,82.3,86.2,10,3.05,Cloudy,Expert,1.2,Completed
T0925,Material Loading,DOZ039,OP029,Site Alpha - Sector 1 Quarry,Low,2026-08-21 12:15:47,45.0,38.3,43.1,23,3.96,Sunny,Expert,1.5,Completed
T0926,Hauling,WHE050,OP036,Site Alpha - Sector 1 Quarry,Low,2026-08-21 12:57:47,40.0,49.4,50.4,14,2.52,Sunny,Beginner,5.4,Completed
T0927,Hauling,EXC031,OP068,Site Delta - Highway Interchange,High,2026-08-21 13:39:47,40.0,59.3,56.8,23,2.23,Rainy,Beginner,2.5,Completed
T0928,Hauling,WHE038,OP030,Site Gamma - River Basin Basin Prep,Medium,2026-08-21 14:21:47,40.0,46.2,41.4,19,1.39,Rainy,Expert,6.6,Completed
T0929,Earth Excavation,GRA016,OP085,Site Delta - Highway Interchange,Medium,2026-08-21 15:03:47,60.0,63.9,68.8,22,1.07,Cloudy,Intermediate,3.2,Completed
T0930,Material Loading,DUM035,OP095,Site Beta - North Overpass,Low,2026-08-21 15:45:47,45.0,58.1,62.0,16,1.19,Cloudy,Beginner,3.2,Completed
T0931,Hauling,DOZ015,OP074,Site Delta - Highway Interchange,Critical,2026-08-21 16:27:47,40.0,43.9,44.8,28,2.78,Cloudy,Intermediate,2.7,Completed
T0932,Material Loading,COM012,OP023,Site Alpha - Sector 4 Foundation,Medium,2026-08-21 17:09:47,45.0,67.6,73.4,14,2.98,Rainy,Beginner,1.6,Completed
T0933,Demolition,DOZ021,OP095,Site Gamma - River Basin Basin Prep,High,2026-08-21 17:51:47,110.0,131.4,138.1,25,2.15,Sunny,Beginner,1.4,Completed
T0934,Demolition,WHE002,OP091,Site Alpha - Sector 1 Quarry,High,2026-08-21 18:33:47,110.0,106.3,112.3,24,4.46,Cloudy,Intermediate,1.1,Completed
T0935,Demolition,EXC037,OP019,Site Beta - North Overpass,Medium,2026-08-21 19:15:47,110.0,140.5,151.4,17,2.21,Sunny,Beginner,6.0,Completed
T0936,Hauling,WHE032,OP070,Site Beta - East Trenching Zone,High,2026-08-21 19:57:47,40.0,48.9,46.9,23,0.65,Cloudy,Beginner,0.7,Completed
T0937,Trenching,WHE032,OP005,Site Beta - East Trenching Zone,Low,2026-08-21 20:39:47,75.0,87.9,82.1,28,1.63,Sunny,Beginner,0.7,Completed
T0938,Earth Excavation,DOZ015,OP078,Site Delta - Highway Interchange,Medium,2026-08-21 21:21:47,60.0,70.9,74.6,24,0.92,Sunny,Beginner,2.7,Completed
T0939,Earth Excavation,GRA034,OP062,Site Alpha - Sector 4 Foundation,Low,2026-08-21 22:03:47,60.0,64.6,65.8,14,3.52,Windy,Intermediate,0.8,Completed
T0940,Material Loading,GRA040,OP026,Site Gamma - River Basin Basin Prep,Medium,2026-08-21 22:45:47,45.0,46.4,43.7,10,1.78,Cloudy,Intermediate,1.3,Completed
T0941,Material Loading,GRA046,OP023,Site Gamma - River Basin Basin Prep,High,2026-08-21 23:27:47,45.0,54.3,59.0,23,3.54,Windy,Beginner,0.6,Completed
T0942,Earth Excavation,WHE002,OP019,Site Alpha - Sector 1 Quarry,Medium,2026-08-22 00:09:47,60.0,76.7,73.0,18,1.43,Windy,Beginner,1.1,Completed
T0943,Hauling,WHE008,OP068,Site Alpha - Sector 1 Quarry,High,2026-08-22 00:51:47,40.0,53.6,47.7,27,2.67,Cloudy,Beginner,6.4,Completed
T0944,Earth Excavation,COM024,OP091,Site Delta - Highway Interchange,Critical,2026-08-22 01:33:47,60.0,75.0,74.2,27,0.53,Sunny,Intermediate,10.9,Completed
T0945,Demolition,EXC007,OP044,Site Alpha - Sector 4 Foundation,High,2026-08-22 02:15:47,110.0,142.4,156.2,15,2.17,Storm,Expert,3.2,Completed
T0946,Material Loading,DOZ009,OP021,Site Beta - East Trenching Zone,Critical,2026-08-22 02:57:47,45.0,45.6,52.6,24,0.53,Sunny,Intermediate,2.8,Completed
T0947,Hauling,DUM041,OP063,Site Alpha - Sector 4 Foundation,High,2026-08-22 03:39:47,40.0,48.7,50.3,10,1.34,Sunny,Beginner,3.2,Completed
T0948,Trenching,GRA046,OP072,Site Gamma - River Basin Basin Prep,High,2026-08-22 04:21:47,75.0,90.7,92.9,10,3.73,Rainy,Intermediate,0.6,Completed
T0949,Trenching,EXC043,OP076,Site Beta - East Trenching Zone,Medium,2026-08-22 05:03:47,75.0,75.7,79.2,24,3.54,Sunny,Intermediate,1.8,Completed
T0950,Grading,WHE020,OP094,Site Alpha - Sector 4 Foundation,High,2026-08-22 05:45:47,90.0,98.4,96.3,16,3.33,Cloudy,Intermediate,3.4,Completed
T0951,Trenching,COM012,OP094,Site Alpha - Sector 4 Foundation,Low,2026-08-22 06:27:47,75.0,77.4,77.9,29,3.47,Sunny,Intermediate,1.6,Completed
T0952,Compaction,EXC037,OP051,Site Beta - North Overpass,Low,2026-08-22 07:09:47,50.0,62.4,62.2,26,4.38,Sunny,Beginner,6.0,Completed
T0953,Trenching,DOZ039,OP041,Site Alpha - Sector 1 Quarry,Medium,2026-08-22 07:51:47,75.0,71.1,71.0,18,2.14,Cloudy,Expert,1.5,Completed
T0954,Compaction,EXC037,OP014,Site Beta - North Overpass,Critical,2026-08-22 08:33:47,50.0,50.4,50.3,21,1.38,Sunny,Intermediate,6.0,Completed
T0955,Trenching,GRA022,OP096,Site Alpha - Sector 4 Foundation,Low,2026-08-22 09:15:47,75.0,83.3,78.6,14,1.31,Rainy,Expert,0.8,Completed
T0956,Trenching,DUM023,OP041,Site Gamma - River Basin Basin Prep,Medium,2026-08-22 09:57:47,75.0,71.5,64.2,18,0.55,Sunny,Expert,4.9,Completed
T0957,Compaction,COM006,OP091,Site Beta - North Overpass,High,2026-08-22 10:39:47,50.0,54.7,53.4,20,3.9,Cloudy,Intermediate,4.5,Completed
T0958,Grading,EXC001,OP034,Site Alpha - Sector 4 Foundation,Medium,2026-08-22 11:21:47,90.0,102.1,108.1,19,0.52,Windy,Intermediate,2.4,Completed
T0959,Trenching,DOZ045,OP009,Site Gamma - River Basin Basin Prep,High,2026-08-22 12:03:47,75.0,98.0,89.0,18,3.42,Sunny,Beginner,4.0,Completed
T0960,Material Loading,EXC007,OP093,Site Alpha - Sector 4 Foundation,Low,2026-08-22 12:45:47,45.0,84.5,79.8,14,0.67,Storm,Beginner,3.2,Completed
T0961,Earth Excavation,EXC025,OP057,Site Beta - North Overpass,Critical,2026-08-22 13:27:47,60.0,84.7,84.9,9,1.35,Rainy,Intermediate,9.2,Completed
T0962,Trenching,DOZ027,OP064,Site Gamma - River Basin Basin Prep,Critical,2026-08-22 14:09:47,75.0,92.3,88.3,14,3.96,Sunny,Beginner,4.3,Completed
T0963,Material Loading,DUM035,OP049,Site Beta - North Overpass,Low,2026-08-22 14:51:47,45.0,56.7,59.7,11,1.17,Windy,Beginner,3.2,Completed
T0964,Hauling,EXC031,OP074,Site Delta - Highway Interchange,Medium,2026-08-22 15:33:47,40.0,39.0,39.9,8,2.46,Sunny,Intermediate,2.5,Completed
T0965,Trenching,DUM029,OP010,Site Beta - North Overpass,Low,2026-08-22 16:15:47,75.0,71.5,68.9,20,2.38,Sunny,Intermediate,1.0,Completed
T0966,Material Loading,WHE002,OP041,Site Alpha - Sector 1 Quarry,High,2026-08-22 16:57:47,45.0,37.5,37.1,24,0.62,Sunny,Expert,1.1,Completed
T0967,Earth Excavation,DUM005,OP044,Site Beta - North Overpass,Medium,2026-08-22 17:39:47,60.0,59.8,66.7,29,1.03,Sunny,Expert,10.8,Completed
T0968,Grading,DUM011,OP094,Site Delta - Highway Interchange,Low,2026-08-22 18:21:47,90.0,95.5,92.9,12,1.8,Cloudy,Intermediate,0.6,Completed
T0969,Demolition,COM006,OP044,Site Beta - North Overpass,Critical,2026-08-22 19:03:47,110.0,103.7,104.5,11,3.01,Cloudy,Expert,4.5,Completed
T0970,Compaction,WHE002,OP056,Site Alpha - Sector 1 Quarry,Medium,2026-08-22 19:45:47,50.0,61.2,63.3,10,4.02,Rainy,Intermediate,1.1,Completed
T0971,Demolition,GRA028,OP021,Site Gamma - River Basin Basin Prep,Low,2026-08-22 20:27:47,110.0,113.7,119.6,20,0.6,Sunny,Intermediate,4.8,Completed
T0972,Earth Excavation,GRA022,OP027,Site Alpha - Sector 4 Foundation,Medium,2026-08-22 21:09:47,60.0,73.3,73.8,10,1.97,Cloudy,Beginner,0.8,Completed
T0973,Grading,DOZ045,OP071,Site Gamma - River Basin Basin Prep,High,2026-08-22 21:51:47,90.0,110.8,112.1,21,0.52,Sunny,Beginner,4.0,Completed
T0974,Compaction,EXC019,OP039,Site Gamma - River Basin Basin Prep,Medium,2026-08-22 22:33:47,50.0,45.3,49.2,28,2.85,Sunny,Expert,4.5,Completed
T0975,Earth Excavation,GRA004,OP051,Site Beta - North Overpass,Critical,2026-08-22 23:15:47,60.0,79.1,74.8,17,1.46,Cloudy,Beginner,4.9,Completed
T0976,Trenching,GRA004,OP047,Site Beta - North Overpass,Low,2026-08-22 23:57:47,75.0,83.8,80.7,20,0.63,Sunny,Intermediate,4.9,Completed
T0977,Grading,COM006,OP038,Site Beta - North Overpass,Critical,2026-08-23 00:39:47,90.0,99.1,94.7,22,2.46,Cloudy,Intermediate,4.5,Completed
T0978,Trenching,EXC007,OP004,Site Alpha - Sector 4 Foundation,Medium,2026-08-23 01:21:47,75.0,89.9,88.4,29,3.6,Sunny,Beginner,3.2,Completed
T0979,Trenching,DUM041,OP038,Site Alpha - Sector 4 Foundation,Low,2026-08-23 02:03:47,75.0,76.0,71.8,25,3.27,Sunny,Intermediate,3.2,Completed
T0980,Grading,WHE008,OP040,Site Alpha - Sector 1 Quarry,Critical,2026-08-23 02:45:47,90.0,99.2,101.1,25,4.29,Cloudy,Intermediate,6.4,Completed
T0981,Grading,WHE032,OP085,Site Beta - East Trenching Zone,High,2026-08-23 03:27:47,90.0,93.2,85.3,16,2.07,Cloudy,Intermediate,0.7,Completed
T0982,Earth Excavation,COM042,OP070,Site Alpha - Sector 1 Quarry,Critical,2026-08-23 04:09:47,60.0,68.4,69.2,13,4.07,Cloudy,Beginner,0.7,Completed
T0983,Trenching,COM024,OP049,Site Delta - Highway Interchange,High,2026-08-23 04:51:47,75.0,135.2,130.2,17,1.18,Rainy,Beginner,10.9,Completed
T0984,Trenching,DUM029,OP006,Site Beta - North Overpass,High,2026-08-23 05:33:47,75.0,63.3,62.5,25,1.71,Sunny,Expert,1.0,Completed
T0985,Grading,COM030,OP034,Site Beta - East Trenching Zone,Medium,2026-08-23 06:15:47,90.0,89.9,89.7,14,1.71,Sunny,Intermediate,3.2,Completed
T0986,Hauling,COM018,OP073,Site Gamma - River Basin Basin Prep,Low,2026-08-23 06:57:47,40.0,35.5,38.8,8,3.71,Cloudy,Expert,1.2,Completed
T0987,Trenching,EXC049,OP090,Site Alpha - Sector 4 Foundation,Low,2026-08-23 07:39:47,75.0,72.6,68.8,11,1.76,Sunny,Expert,6.5,Completed
T0988,Earth Excavation,EXC043,OP045,Site Beta - East Trenching Zone,Critical,2026-08-23 08:21:47,60.0,73.0,71.5,8,3.05,Sunny,Beginner,1.8,Completed
T0989,Hauling,WHE038,OP030,Site Gamma - River Basin Basin Prep,Low,2026-08-23 09:03:47,40.0,42.9,42.9,20,1.44,Cloudy,Expert,6.6,Completed
T0990,Hauling,EXC025,OP067,Site Beta - North Overpass,Critical,2026-08-23 09:45:47,40.0,46.8,47.4,24,3.48,Cloudy,Intermediate,9.2,Completed
T0991,Demolition,WHE044,OP061,Site Alpha - Sector 4 Foundation,Medium,2026-08-23 10:27:47,110.0,105.6,116.8,29,1.93,Cloudy,Intermediate,1.2,Completed
T0992,Grading,WHE020,OP011,Site Alpha - Sector 4 Foundation,Critical,2026-08-23 11:09:47,90.0,110.8,115.6,17,1.29,Sunny,Beginner,3.4,Completed
T0993,Hauling,GRA046,OP005,Site Gamma - River Basin Basin Prep,Medium,2026-08-23 11:51:47,40.0,49.9,43.3,26,1.87,Cloudy,Beginner,0.6,Completed
T0994,Earth Excavation,EXC049,OP058,Site Alpha - Sector 4 Foundation,Medium,2026-08-23 12:33:47,60.0,62.3,63.2,14,0.42,Sunny,Intermediate,6.5,Completed
T0995,Trenching,WHE014,OP025,Site Alpha - Sector 1 Quarry,Medium,2026-08-23 13:15:47,75.0,99.7,109.9,8,4.21,Rainy,Intermediate,3.6,Completed
T0996,Earth Excavation,GRA028,OP011,Site Gamma - River Basin Basin Prep,Critical,2026-08-23 13:57:47,60.0,93.8,86.4,11,2.44,Rainy,Beginner,4.8,Completed
T0997,Trenching,DUM041,OP019,Site Alpha - Sector 4 Foundation,High,2026-08-23 14:39:47,75.0,88.1,89.7,14,2.1,Sunny,Beginner,3.2,Completed
T0998,Material Loading,DUM047,OP009,Site Delta - Highway Interchange,Low,2026-08-23 15:21:47,45.0,62.3,66.8,12,2.82,Sunny,Beginner,10.4,Completed
T0999,Grading,COM036,OP051,Site Alpha - Sector 1 Quarry,High,2026-08-23 16:03:47,90.0,110.7,109.6,8,3.92,Sunny,Beginner,4.3,Completed
T1000,Hauling,COM018,OP067,Site Gamma - River Basin Basin Prep,Critical,2026-08-23 16:45:47,40.0,37.9,39.8,17,1.81,Sunny,Intermediate,1.2,Completed
T1001,Hauling,EXC001,OP090,Site Alpha - Sector 4 Foundation,Critical,2026-08-23 17:27:47,40.0,44.8,42.0,25,4.04,Rainy,Expert,2.4,Completed
T1002,Earth Excavation,DOZ027,OP020,Site Gamma - River Basin Basin Prep,Medium,2026-08-23 18:09:47,60.0,62.8,60.5,16,2.74,Windy,Expert,4.3,Completed
T1003,Demolition,WHE038,OP075,Site Gamma - River Basin Basin Prep,Low,2026-08-23 18:51:47,110.0,182.4,174.3,28,2.18,Storm,Intermediate,6.6,Completed
T1004,Earth Excavation,EXC037,OP100,Site Beta - North Overpass,Low,2026-08-23 19:33:47,60.0,79.2,75.9,14,1.11,Cloudy,Beginner,6.0,Completed
T1005,Hauling,EXC019,OP069,Site Gamma - River Basin Basin Prep,High,2026-08-23 20:15:47,40.0,44.2,43.7,13,0.66,Cloudy,Intermediate,4.5,Completed
T1006,Grading,DUM017,OP050,Site Alpha - Sector 1 Quarry,Critical,2026-08-23 20:57:47,90.0,95.2,91.1,11,1.35,Cloudy,Intermediate,1.7,Completed
T1007,Demolition,DOZ039,OP061,Site Alpha - Sector 1 Quarry,Low,2026-08-23 21:39:47,110.0,104.8,107.1,11,3.01,Sunny,Intermediate,1.5,Completed
T1008,Trenching,COM018,OP052,Site Gamma - River Basin Basin Prep,Medium,2026-08-23 22:21:47,75.0,70.0,77.3,17,0.46,Sunny,Intermediate,1.2,Completed
T1009,Demolition,DOZ039,OP088,Site Alpha - Sector 1 Quarry,Critical,2026-08-23 23:03:47,110.0,108.9,95.7,8,2.38,Sunny,Intermediate,1.5,Completed
T1010,Earth Excavation,WHE026,OP043,Site Gamma - River Basin Basin Prep,Medium,2026-08-23 23:45:47,60.0,60.1,50.7,17,3.59,Windy,Expert,1.5,Completed
T1011,Earth Excavation,COM048,OP061,Site Delta - Highway Interchange,High,2026-08-24 00:27:47,60.0,58.4,60.8,27,2.03,Sunny,Intermediate,3.9,Completed
T1012,Material Loading,WHE002,OP044,Site Alpha - Sector 1 Quarry,High,2026-08-24 01:09:47,45.0,40.2,43.2,23,1.17,Sunny,Expert,1.1,Completed
T1013,Material Loading,COM018,OP063,Site Gamma - River Basin Basin Prep,Low,2026-08-24 01:51:47,45.0,50.9,46.4,24,3.43,Sunny,Beginner,1.2,Completed
T1014,Hauling,DOZ015,OP018,Site Delta - Highway Interchange,High,2026-08-24 02:33:47,40.0,35.2,36.0,12,0.81,Sunny,Expert,2.7,Completed
T1015,Compaction,DUM029,OP100,Site Beta - North Overpass,High,2026-08-24 03:15:47,50.0,65.2,65.4,9,0.94,Windy,Beginner,1.0,Completed
T1016,Material Loading,DUM047,OP054,Site Delta - Highway Interchange,Low,2026-08-24 03:57:47,45.0,65.7,67.0,17,4.22,Cloudy,Beginner,10.4,Completed
T1017,Trenching,DUM029,OP028,Site Beta - North Overpass,Critical,2026-08-24 04:39:47,75.0,85.5,90.6,9,2.52,Sunny,Beginner,1.0,Completed
T1018,Compaction,WHE032,OP098,Site Beta - East Trenching Zone,High,2026-08-24 05:21:47,50.0,40.9,46.3,19,4.17,Sunny,Expert,0.7,Completed
T1019,Hauling,GRA004,OP066,Site Beta - North Overpass,Medium,2026-08-24 06:03:47,40.0,43.0,46.2,27,2.8,Sunny,Intermediate,4.9,Completed
T1020,Earth Excavation,WHE020,OP091,Site Alpha - Sector 4 Foundation,Critical,2026-08-24 06:45:47,60.0,69.7,65.9,16,1.76,Windy,Intermediate,3.4,Completed
T1021,Trenching,WHE050,OP068,Site Alpha - Sector 1 Quarry,Low,2026-08-24 07:27:47,75.0,98.5,98.7,13,0.69,Cloudy,Beginner,5.4,Completed
T1022,Trenching,EXC013,OP026,Site Beta - East Trenching Zone,Low,2026-08-24 08:09:47,75.0,75.2,70.7,18,3.42,Sunny,Intermediate,3.2,Completed
T1023,Trenching,DOZ003,OP059,Site Alpha - Sector 4 Foundation,Low,2026-08-24 08:51:47,75.0,107.8,107.3,17,2.58,Rainy,Beginner,2.4,Completed
T1024,Material Loading,GRA046,OP026,Site Gamma - River Basin Basin Prep,High,2026-08-24 09:33:47,45.0,41.6,42.4,23,1.02,Sunny,Intermediate,0.6,Completed
T1025,Material Loading,COM030,OP065,Site Beta - East Trenching Zone,Critical,2026-08-24 10:15:47,45.0,56.6,59.2,29,1.75,Windy,Beginner,3.2,Completed
T1026,Compaction,WHE008,OP088,Site Alpha - Sector 1 Quarry,Low,2026-08-24 10:57:47,50.0,52.9,57.0,29,3.55,Sunny,Intermediate,6.4,Completed
T1027,Trenching,COM024,OP063,Site Delta - Highway Interchange,Critical,2026-08-24 11:39:47,75.0,99.8,99.9,11,2.31,Sunny,Beginner,10.9,Completed
T1028,Trenching,EXC031,OP076,Site Delta - Highway Interchange,High,2026-08-24 12:21:47,75.0,78.9,61.4,9,3.1,Sunny,Intermediate,2.5,Completed
T1029,Material Loading,DUM011,OP034,Site Delta - Highway Interchange,Low,2026-08-24 13:03:47,45.0,54.9,50.7,21,2.42,Rainy,Intermediate,0.6,Completed
T1030,Material Loading,WHE002,OP050,Site Alpha - Sector 1 Quarry,Low,2026-08-24 13:45:47,45.0,43.3,46.0,15,3.04,Sunny,Intermediate,1.1,Completed
T1031,Trenching,EXC037,OP100,Site Beta - North Overpass,Medium,2026-08-24 14:27:47,75.0,126.5,112.0,28,0.69,Rainy,Beginner,6.0,Completed
T1032,Hauling,DOZ015,OP083,Site Delta - Highway Interchange,Medium,2026-08-24 15:09:47,40.0,55.5,48.5,11,4.13,Windy,Beginner,2.7,Completed
T1033,Compaction,WHE014,OP035,Site Alpha - Sector 1 Quarry,Critical,2026-08-24 15:51:47,50.0,78.6,86.5,23,1.11,Rainy,Beginner,3.6,Completed
T1034,Demolition,WHE002,OP100,Site Alpha - Sector 1 Quarry,Low,2026-08-24 16:33:47,110.0,131.5,116.6,16,3.26,Sunny,Beginner,1.1,Completed
T1035,Grading,DOZ009,OP083,Site Beta - East Trenching Zone,Medium,2026-08-24 17:15:47,90.0,107.4,103.7,26,0.62,Sunny,Beginner,2.8,Completed
T1036,Demolition,EXC001,OP029,Site Alpha - Sector 4 Foundation,High,2026-08-24 17:57:47,110.0,99.7,107.3,9,2.44,Cloudy,Expert,2.4,Completed
T1037,Demolition,WHE020,OP092,Site Alpha - Sector 4 Foundation,High,2026-08-24 18:39:47,110.0,171.1,184.5,23,0.59,Rainy,Beginner,3.4,Completed
T1038,Grading,EXC025,OP045,Site Beta - North Overpass,Critical,2026-08-24 19:21:47,90.0,120.0,123.0,20,3.31,Sunny,Beginner,9.2,Completed
T1039,Material Loading,WHE014,OP060,Site Alpha - Sector 1 Quarry,High,2026-08-24 20:03:47,45.0,48.8,43.3,19,4.04,Sunny,Intermediate,3.6,Completed
T1040,Compaction,GRA034,OP080,Site Alpha - Sector 4 Foundation,Critical,2026-08-24 20:45:47,50.0,47.7,53.9,18,2.49,Sunny,Intermediate,0.8,Completed
T1041,Demolition,EXC007,OP001,Site Alpha - Sector 4 Foundation,High,2026-08-24 21:27:47,110.0,125.1,115.0,20,3.11,Rainy,Expert,3.2,Completed
T1042,Demolition,COM042,OP077,Site Alpha - Sector 1 Quarry,High,2026-08-24 22:09:47,110.0,100.5,95.4,13,3.03,Cloudy,Expert,0.7,Completed
T1043,Material Loading,WHE044,OP014,Site Alpha - Sector 4 Foundation,Critical,2026-08-24 22:51:47,45.0,44.3,46.2,27,3.56,Sunny,Intermediate,1.2,Completed
T1044,Earth Excavation,GRA022,OP036,Site Alpha - Sector 4 Foundation,High,2026-08-24 23:33:47,60.0,90.9,85.1,9,2.34,Rainy,Beginner,0.8,Completed
T1045,Hauling,COM018,OP034,Site Gamma - River Basin Basin Prep,High,2026-08-25 00:15:47,40.0,50.7,47.4,22,1.83,Rainy,Intermediate,1.2,Completed
T1046,Trenching,GRA010,OP067,Site Beta - East Trenching Zone,Medium,2026-08-25 00:57:47,75.0,99.7,96.2,22,3.13,Rainy,Intermediate,3.4,Completed
T1047,Earth Excavation,DOZ039,OP052,Site Alpha - Sector 1 Quarry,High,2026-08-25 01:39:47,60.0,64.1,59.3,18,3.81,Cloudy,Intermediate,1.5,Completed
T1048,Compaction,DOZ009,OP093,Site Beta - East Trenching Zone,Low,2026-08-25 02:21:47,50.0,58.6,60.9,10,3.83,Sunny,Beginner,2.8,Completed
T1049,Compaction,WHE032,OP038,Site Beta - East Trenching Zone,High,2026-08-25 03:03:47,50.0,47.8,46.2,16,3.7,Sunny,Intermediate,0.7,Completed
T1050,Grading,WHE026,OP050,Site Gamma - River Basin Basin Prep,Low,2026-08-25 03:45:47,90.0,93.7,91.4,28,0.55,Cloudy,Intermediate,1.5,Completed
T1051,Demolition,GRA046,OP074,Site Gamma - River Basin Basin Prep,Medium,2026-08-25 04:27:47,110.0,122.6,121.3,25,4.33,Windy,Intermediate,0.6,Completed
T1052,Material Loading,DUM047,OP092,Site Delta - Highway Interchange,Medium,2026-08-25 05:09:47,45.0,61.6,67.1,18,3.4,Cloudy,Beginner,10.4,Completed
T1053,Compaction,DUM035,OP082,Site Beta - North Overpass,Critical,2026-08-25 05:51:47,50.0,44.5,45.8,18,3.83,Cloudy,Expert,3.2,Completed
T1054,Compaction,DUM023,OP065,Site Gamma - River Basin Basin Prep,High,2026-08-25 06:33:47,50.0,69.8,65.4,27,1.49,Cloudy,Beginner,4.9,Completed
T1055,Hauling,DUM011,OP085,Site Delta - Highway Interchange,Medium,2026-08-25 07:15:47,40.0,38.0,42.2,25,4.22,Sunny,Intermediate,0.6,Completed
T1056,Material Loading,EXC007,OP061,Site Alpha - Sector 4 Foundation,Medium,2026-08-25 07:57:47,45.0,45.7,49.4,8,0.96,Sunny,Intermediate,3.2,Completed
T1057,Compaction,DUM017,OP093,Site Alpha - Sector 1 Quarry,Medium,2026-08-25 08:39:47,50.0,58.5,54.9,26,2.38,Sunny,Beginner,1.7,Completed
T1058,Compaction,GRA022,OP084,Site Alpha - Sector 4 Foundation,Low,2026-08-25 09:21:47,50.0,59.1,59.9,21,2.68,Windy,Beginner,0.8,Completed
T1059,Trenching,DUM023,OP029,Site Gamma - River Basin Basin Prep,High,2026-08-25 10:03:47,75.0,70.3,67.7,22,3.18,Sunny,Expert,4.9,Completed
T1060,Grading,GRA022,OP048,Site Alpha - Sector 4 Foundation,High,2026-08-25 10:45:47,90.0,107.6,108.8,26,1.99,Cloudy,Beginner,0.8,Completed
T1061,Demolition,EXC019,OP060,Site Gamma - River Basin Basin Prep,Low,2026-08-25 11:27:47,110.0,120.6,115.1,15,2.17,Cloudy,Intermediate,4.5,Completed
T1062,Grading,GRA004,OP082,Site Beta - North Overpass,Low,2026-08-25 12:09:47,90.0,87.0,86.1,8,0.64,Cloudy,Expert,4.9,Completed
T1063,Grading,EXC013,OP065,Site Beta - East Trenching Zone,Low,2026-08-25 12:51:47,90.0,107.7,122.7,27,2.17,Sunny,Beginner,3.2,Completed
T1064,Hauling,WHE044,OP049,Site Alpha - Sector 4 Foundation,High,2026-08-25 13:33:47,40.0,46.0,44.9,18,2.94,Sunny,Beginner,1.2,Completed
T1065,Grading,GRA004,OP020,Site Beta - North Overpass,Medium,2026-08-25 14:15:47,90.0,83.3,80.6,27,3.5,Sunny,Expert,4.9,Completed
T1066,Trenching,GRA022,OP053,Site Alpha - Sector 4 Foundation,Critical,2026-08-25 14:57:47,75.0,88.1,78.8,12,3.83,Sunny,Beginner,0.8,Completed
T1067,Trenching,DOZ021,OP092,Site Gamma - River Basin Basin Prep,Medium,2026-08-25 15:39:47,75.0,89.9,86.2,16,1.4,Sunny,Beginner,1.4,Completed
T1068,Hauling,COM006,OP063,Site Beta - North Overpass,High,2026-08-25 16:21:47,40.0,52.3,54.8,10,2.07,Windy,Beginner,4.5,Completed
T1069,Compaction,COM012,OP041,Site Alpha - Sector 4 Foundation,Low,2026-08-25 17:03:47,50.0,54.8,56.3,11,1.74,Rainy,Expert,1.6,Completed
T1070,Earth Excavation,DUM029,OP036,Site Beta - North Overpass,Medium,2026-08-25 17:45:47,60.0,66.7,70.0,29,4.01,Cloudy,Beginner,1.0,Completed
T1071,Hauling,WHE050,OP022,Site Alpha - Sector 1 Quarry,Medium,2026-08-25 18:27:47,40.0,36.7,38.6,24,2.36,Sunny,Expert,5.4,Completed
T1072,Grading,EXC049,OP100,Site Alpha - Sector 4 Foundation,Low,2026-08-25 19:09:47,90.0,140.9,146.0,15,3.15,Rainy,Beginner,6.5,Completed
T1073,Trenching,GRA040,OP056,Site Gamma - River Basin Basin Prep,Critical,2026-08-25 19:51:47,75.0,82.5,77.6,20,2.97,Windy,Intermediate,1.3,Completed
T1074,Grading,GRA028,OP062,Site Gamma - River Basin Basin Prep,Critical,2026-08-25 20:33:47,90.0,120.7,116.2,8,2.33,Rainy,Intermediate,4.8,Completed
T1075,Earth Excavation,DOZ003,OP069,Site Alpha - Sector 4 Foundation,Medium,2026-08-25 21:15:47,60.0,60.1,61.8,22,3.49,Cloudy,Intermediate,2.4,Completed
T1076,Compaction,COM024,OP002,Site Delta - Highway Interchange,High,2026-08-25 21:57:47,50.0,69.8,68.4,27,3.09,Cloudy,Beginner,10.9,Completed
T1077,Hauling,GRA034,OP025,Site Alpha - Sector 4 Foundation,Low,2026-08-25 22:39:47,40.0,51.6,41.2,22,3.77,Rainy,Intermediate,0.8,Completed
T1078,Compaction,EXC001,OP081,Site Alpha - Sector 4 Foundation,Medium,2026-08-25 23:21:47,50.0,50.3,41.6,12,3.42,Sunny,Intermediate,2.4,Completed
T1079,Trenching,DOZ045,OP045,Site Gamma - River Basin Basin Prep,High,2026-08-26 00:03:47,75.0,94.7,85.9,28,3.92,Cloudy,Beginner,4.0,Completed
T1080,Trenching,EXC007,OP050,Site Alpha - Sector 4 Foundation,High,2026-08-26 00:45:47,75.0,75.4,81.6,20,3.75,Sunny,Intermediate,3.2,Completed
T1081,Trenching,DUM005,OP006,Site Beta - North Overpass,High,2026-08-26 01:27:47,75.0,78.6,73.8,20,4.47,Sunny,Expert,10.8,Completed
T1082,Material Loading,COM030,OP094,Site Beta - East Trenching Zone,High,2026-08-26 02:09:47,45.0,46.7,46.7,24,4.42,Cloudy,Intermediate,3.2,Completed
T1083,Grading,WHE044,OP018,Site Alpha - Sector 4 Foundation,High,2026-08-26 02:51:47,90.0,75.3,81.3,10,2.83,Cloudy,Expert,1.2,Completed
T1084,Grading,DUM023,OP097,Site Gamma - River Basin Basin Prep,Medium,2026-08-26 03:33:47,90.0,101.2,103.5,10,0.86,Cloudy,Intermediate,4.9,Completed
T1085,Trenching,WHE026,OP003,Site Gamma - River Basin Basin Prep,Medium,2026-08-26 04:15:47,75.0,95.2,98.7,10,2.62,Windy,Beginner,1.5,Completed
T1086,Trenching,DUM047,OP017,Site Delta - Highway Interchange,Medium,2026-08-26 04:57:47,75.0,131.7,137.4,25,3.41,Rainy,Beginner,10.4,Completed
T1087,Compaction,WHE002,OP076,Site Alpha - Sector 1 Quarry,Medium,2026-08-26 05:39:47,50.0,48.0,47.4,24,4.23,Sunny,Intermediate,1.1,Completed
T1088,Earth Excavation,COM024,OP092,Site Delta - Highway Interchange,Low,2026-08-26 06:21:47,60.0,82.4,76.5,27,3.66,Sunny,Beginner,10.9,Completed
T1089,Grading,DUM041,OP033,Site Alpha - Sector 4 Foundation,Low,2026-08-26 07:03:47,90.0,92.5,90.4,15,3.9,Sunny,Intermediate,3.2,Completed
T1090,Demolition,GRA004,OP085,Site Beta - North Overpass,Low,2026-08-26 07:45:47,110.0,114.6,112.2,24,4.24,Sunny,Intermediate,4.9,Completed
T1091,Compaction,WHE002,OP007,Site Alpha - Sector 1 Quarry,Low,2026-08-26 08:27:47,50.0,59.8,58.4,29,1.45,Sunny,Beginner,1.1,Completed
T1092,Grading,DUM029,OP049,Site Beta - North Overpass,Low,2026-08-26 09:09:47,90.0,107.2,112.3,25,2.7,Cloudy,Beginner,1.0,Completed
T1093,Demolition,DUM017,OP061,Site Alpha - Sector 1 Quarry,Medium,2026-08-26 09:51:47,110.0,107.0,112.5,10,3.25,Sunny,Intermediate,1.7,Completed
T1094,Trenching,DOZ045,OP088,Site Gamma - River Basin Basin Prep,Low,2026-08-26 10:33:47,75.0,113.8,118.1,21,4.11,Storm,Intermediate,4.0,Completed
T1095,Material Loading,DOZ027,OP085,Site Gamma - River Basin Basin Prep,Low,2026-08-26 11:15:47,45.0,44.7,54.7,13,0.63,Sunny,Intermediate,4.3,Completed
T1096,Compaction,GRA034,OP035,Site Alpha - Sector 4 Foundation,Medium,2026-08-26 11:57:47,50.0,58.2,56.8,11,3.9,Sunny,Beginner,0.8,Completed
T1097,Grading,EXC007,OP066,Site Alpha - Sector 4 Foundation,Low,2026-08-26 12:39:47,90.0,120.6,112.2,17,2.02,Rainy,Intermediate,3.2,Completed
T1098,Material Loading,WHE008,OP014,Site Alpha - Sector 1 Quarry,Critical,2026-08-26 13:21:47,45.0,51.8,52.4,13,0.4,Windy,Intermediate,6.4,Completed
T1099,Trenching,DOZ039,OP026,Site Alpha - Sector 1 Quarry,High,2026-08-26 14:03:47,75.0,75.9,78.2,22,4.07,Cloudy,Intermediate,1.5,Completed
T1100,Hauling,GRA034,OP026,Site Alpha - Sector 4 Foundation,High,2026-08-26 14:45:47,40.0,41.3,42.0,20,3.51,Sunny,Intermediate,0.8,Completed
T1101,Compaction,DOZ027,OP038,Site Gamma - River Basin Basin Prep,Medium,2026-08-26 15:27:47,50.0,52.5,53.0,8,2.56,Sunny,Intermediate,4.3,Completed
T1102,Earth Excavation,COM036,OP064,Site Alpha - Sector 1 Quarry,Medium,2026-08-26 16:09:47,60.0,95.9,96.6,24,4.29,Rainy,Beginner,4.3,Completed
T1103,Compaction,EXC031,OP043,Site Delta - Highway Interchange,Medium,2026-08-26 16:51:47,50.0,42.7,44.2,8,2.42,Sunny,Expert,2.5,Completed
T1104,Earth Excavation,EXC001,OP086,Site Alpha - Sector 4 Foundation,Low,2026-08-26 17:33:47,60.0,62.0,55.2,9,3.69,Sunny,Intermediate,2.4,Completed
T1105,Earth Excavation,EXC037,OP086,Site Beta - North Overpass,Critical,2026-08-26 18:15:47,60.0,63.2,68.3,24,0.57,Sunny,Intermediate,6.0,Completed
T1106,Trenching,COM006,OP100,Site Beta - North Overpass,Low,2026-08-26 18:57:47,75.0,95.0,88.4,21,2.21,Sunny,Beginner,4.5,Completed
T1107,Compaction,DUM047,OP013,Site Delta - Highway Interchange,High,2026-08-26 19:39:47,50.0,49.9,49.9,29,2.89,Sunny,Expert,10.4,Completed
T1108,Compaction,DOZ015,OP059,Site Delta - Highway Interchange,High,2026-08-26 20:21:47,50.0,75.5,84.5,19,2.58,Rainy,Beginner,2.7,Completed
T1109,Material Loading,COM030,OP007,Site Beta - East Trenching Zone,Low,2026-08-26 21:03:47,45.0,55.2,51.7,29,1.28,Sunny,Beginner,3.2,Completed
T1110,Hauling,COM012,OP006,Site Alpha - Sector 4 Foundation,High,2026-08-26 21:45:47,40.0,36.4,39.1,16,1.17,Cloudy,Expert,1.6,Completed
T1111,Material Loading,WHE044,OP041,Site Alpha - Sector 4 Foundation,Critical,2026-08-26 22:27:47,45.0,36.9,38.2,24,2.5,Sunny,Expert,1.2,Completed
T1112,Compaction,WHE008,OP013,Site Alpha - Sector 1 Quarry,Low,2026-08-26 23:09:47,50.0,50.8,55.6,18,3.59,Cloudy,Expert,6.4,Completed
T1113,Earth Excavation,DOZ009,OP085,Site Beta - East Trenching Zone,Medium,2026-08-26 23:51:47,60.0,59.6,62.7,23,2.63,Sunny,Intermediate,2.8,Completed
T1114,Material Loading,DUM023,OP057,Site Gamma - River Basin Basin Prep,High,2026-08-27 00:33:47,45.0,73.3,67.4,20,3.34,Storm,Intermediate,4.9,Completed
T1115,Compaction,COM006,OP048,Site Beta - North Overpass,High,2026-08-27 01:15:47,50.0,63.9,61.5,19,2.62,Sunny,Beginner,4.5,Completed
T1116,Trenching,WHE008,OP052,Site Alpha - Sector 1 Quarry,Critical,2026-08-27 01:57:47,75.0,84.7,86.6,16,2.77,Sunny,Intermediate,6.4,Completed
T1117,Grading,COM018,OP050,Site Gamma - River Basin Basin Prep,Critical,2026-08-27 02:39:47,90.0,87.1,84.6,17,1.62,Sunny,Intermediate,1.2,Completed
T1118,Hauling,DOZ027,OP084,Site Gamma - River Basin Basin Prep,Medium,2026-08-27 03:21:47,40.0,48.0,48.8,20,2.81,Sunny,Beginner,4.3,Completed
T1119,Earth Excavation,DOZ009,OP090,Site Beta - East Trenching Zone,Low,2026-08-27 04:03:47,60.0,55.5,59.5,25,3.85,Sunny,Expert,2.8,Completed
T1120,Hauling,DUM011,OP014,Site Delta - Highway Interchange,Critical,2026-08-27 04:45:47,40.0,36.9,37.5,21,4.4,Sunny,Intermediate,0.6,Completed
T1121,Demolition,EXC031,OP073,Site Delta - Highway Interchange,Critical,2026-08-27 05:27:47,110.0,102.5,90.9,23,3.72,Cloudy,Expert,2.5,Completed
T1122,Trenching,GRA040,OP049,Site Gamma - River Basin Basin Prep,High,2026-08-27 06:09:47,75.0,83.3,92.0,26,0.93,Sunny,Beginner,1.3,Completed
T1123,Demolition,WHE002,OP088,Site Alpha - Sector 1 Quarry,Medium,2026-08-27 06:51:47,110.0,106.0,100.0,29,2.06,Sunny,Intermediate,1.1,Completed
T1124,Grading,WHE032,OP015,Site Beta - East Trenching Zone,Critical,2026-08-27 07:33:47,90.0,88.8,80.6,24,0.77,Cloudy,Intermediate,0.7,Completed
T1125,Grading,DOZ003,OP009,Site Alpha - Sector 4 Foundation,High,2026-08-27 08:15:47,90.0,112.7,98.8,26,2.39,Cloudy,Beginner,2.4,Completed
T1126,Compaction,DOZ021,OP002,Site Gamma - River Basin Basin Prep,Medium,2026-08-27 08:57:47,50.0,61.9,54.7,19,0.88,Sunny,Beginner,1.4,Completed
T1127,Compaction,GRA022,OP067,Site Alpha - Sector 4 Foundation,Low,2026-08-27 09:39:47,50.0,52.6,52.6,28,1.01,Sunny,Intermediate,0.8,Completed
T1128,Grading,EXC043,OP094,Site Beta - East Trenching Zone,Medium,2026-08-27 10:21:47,90.0,101.7,91.5,17,3.12,Windy,Intermediate,1.8,Completed
T1129,Grading,DUM023,OP085,Site Gamma - River Basin Basin Prep,Critical,2026-08-27 11:03:47,90.0,99.9,101.1,28,2.17,Cloudy,Intermediate,4.9,Completed
T1130,Trenching,COM036,OP079,Site Alpha - Sector 1 Quarry,Low,2026-08-27 11:45:47,75.0,70.8,68.9,26,1.33,Cloudy,Expert,4.3,Completed
T1131,Earth Excavation,COM042,OP021,Site Alpha - Sector 1 Quarry,Critical,2026-08-27 12:27:47,60.0,61.7,62.9,11,2.25,Cloudy,Intermediate,0.7,Completed
T1132,Hauling,WHE032,OP022,Site Beta - East Trenching Zone,Low,2026-08-27 13:09:47,40.0,36.7,38.1,11,3.07,Windy,Expert,0.7,Completed
T1133,Hauling,WHE032,OP042,Site Beta - East Trenching Zone,Medium,2026-08-27 13:51:47,40.0,45.9,43.4,10,3.18,Sunny,Beginner,0.7,Completed
T1134,Material Loading,COM018,OP007,Site Gamma - River Basin Basin Prep,Medium,2026-08-27 14:33:47,45.0,50.9,49.9,10,2.06,Sunny,Beginner,1.2,Completed
T1135,Demolition,COM042,OP049,Site Alpha - Sector 1 Quarry,Critical,2026-08-27 15:15:47,110.0,132.3,140.1,21,2.9,Cloudy,Beginner,0.7,Completed
T1136,Hauling,GRA016,OP011,Site Delta - Highway Interchange,Critical,2026-08-27 15:57:47,40.0,60.3,65.0,26,2.92,Rainy,Beginner,3.2,Completed
T1137,Grading,EXC037,OP058,Site Beta - North Overpass,Low,2026-08-27 16:39:47,90.0,98.8,106.6,23,0.48,Sunny,Intermediate,6.0,Completed
T1138,Hauling,WHE032,OP058,Site Beta - East Trenching Zone,High,2026-08-27 17:21:47,40.0,49.4,49.6,17,2.63,Rainy,Intermediate,0.7,Completed
T1139,Earth Excavation,WHE032,OP096,Site Beta - East Trenching Zone,Low,2026-08-27 18:03:47,60.0,54.1,49.0,20,2.05,Sunny,Expert,0.7,Completed
T1140,Earth Excavation,WHE026,OP053,Site Gamma - River Basin Basin Prep,Low,2026-08-27 18:45:47,60.0,107.4,100.1,10,4.02,Storm,Beginner,1.5,Completed
T1141,Demolition,COM036,OP001,Site Alpha - Sector 1 Quarry,Low,2026-08-27 19:27:47,110.0,102.4,98.5,28,0.7,Sunny,Expert,4.3,Completed
T1142,Hauling,DOZ039,OP080,Site Alpha - Sector 1 Quarry,High,2026-08-27 20:09:47,40.0,42.0,39.6,27,2.48,Cloudy,Intermediate,1.5,Completed
T1143,Demolition,COM036,OP027,Site Alpha - Sector 1 Quarry,Critical,2026-08-27 20:51:47,110.0,141.7,146.6,14,1.74,Cloudy,Beginner,4.3,Completed
T1144,Material Loading,COM024,OP007,Site Delta - Highway Interchange,Medium,2026-08-27 21:33:47,45.0,78.5,68.9,28,2.42,Rainy,Beginner,10.9,Completed
T1145,Hauling,COM030,OP043,Site Beta - East Trenching Zone,Critical,2026-08-27 22:15:47,40.0,36.9,37.1,8,3.63,Cloudy,Expert,3.2,Completed
T1146,Compaction,EXC043,OP047,Site Beta - East Trenching Zone,Critical,2026-08-27 22:57:47,50.0,53.3,48.8,26,4.33,Cloudy,Intermediate,1.8,Completed
T1147,Earth Excavation,EXC007,OP098,Site Alpha - Sector 4 Foundation,Medium,2026-08-27 23:39:47,60.0,65.4,68.5,9,1.46,Rainy,Expert,3.2,Completed
T1148,Earth Excavation,GRA022,OP046,Site Alpha - Sector 4 Foundation,High,2026-08-28 00:21:47,60.0,62.1,61.1,28,3.64,Rainy,Expert,0.8,Completed
T1149,Demolition,GRA034,OP048,Site Alpha - Sector 4 Foundation,Low,2026-08-28 01:03:47,110.0,126.7,127.6,8,0.65,Sunny,Beginner,0.8,Completed
T1150,Earth Excavation,DUM011,OP064,Site Delta - Highway Interchange,Medium,2026-08-28 01:45:47,60.0,69.3,65.2,13,2.28,Sunny,Beginner,0.6,Completed
T1151,Hauling,GRA046,OP096,Site Gamma - River Basin Basin Prep,Critical,2026-08-28 02:27:47,40.0,35.8,32.1,11,3.91,Cloudy,Expert,0.6,Completed
T1152,Earth Excavation,DUM017,OP079,Site Alpha - Sector 1 Quarry,Medium,2026-08-28 03:09:47,60.0,55.1,58.7,20,1.36,Cloudy,Expert,1.7,Completed
T1153,Trenching,WHE008,OP051,Site Alpha - Sector 1 Quarry,Medium,2026-08-28 03:51:47,75.0,101.0,95.8,12,0.86,Sunny,Beginner,6.4,Completed
T1154,Grading,EXC013,OP092,Site Beta - East Trenching Zone,High,2026-08-28 04:33:47,90.0,128.9,143.5,15,0.63,Rainy,Beginner,3.2,Completed
T1155,Earth Excavation,EXC049,OP054,Site Alpha - Sector 4 Foundation,Low,2026-08-28 05:15:47,60.0,75.8,70.3,17,1.62,Sunny,Beginner,6.5,Completed
T1156,Compaction,WHE044,OP076,Site Alpha - Sector 4 Foundation,Low,2026-08-28 05:57:47,50.0,64.7,66.3,18,4.16,Rainy,Intermediate,1.2,Completed
T1157,Hauling,DUM029,OP059,Site Beta - North Overpass,Medium,2026-08-28 06:39:47,40.0,48.8,45.9,16,3.17,Sunny,Beginner,1.0,Completed
T1158,Grading,EXC001,OP068,Site Alpha - Sector 4 Foundation,Low,2026-08-28 07:21:47,90.0,107.0,101.7,23,3.4,Sunny,Beginner,2.4,Completed
T1159,Demolition,GRA028,OP075,Site Gamma - River Basin Basin Prep,Critical,2026-08-28 08:03:47,110.0,111.5,122.3,12,3.37,Sunny,Intermediate,4.8,Completed
T1160,Demolition,WHE050,OP023,Site Alpha - Sector 1 Quarry,Medium,2026-08-28 08:45:47,110.0,140.4,141.7,28,1.68,Sunny,Beginner,5.4,Completed
T1161,Compaction,DOZ009,OP014,Site Beta - East Trenching Zone,Critical,2026-08-28 09:27:47,50.0,63.4,60.8,16,1.27,Rainy,Intermediate,2.8,Completed
T1162,Compaction,DOZ039,OP078,Site Alpha - Sector 1 Quarry,High,2026-08-28 10:09:47,50.0,73.3,74.6,13,2.34,Rainy,Beginner,1.5,Completed
T1163,Demolition,EXC025,OP054,Site Beta - North Overpass,Medium,2026-08-28 10:51:47,110.0,146.7,157.3,12,4.38,Sunny,Beginner,9.2,Completed
T1164,Material Loading,WHE026,OP044,Site Gamma - River Basin Basin Prep,High,2026-08-28 11:33:47,45.0,39.4,44.0,16,3.39,Cloudy,Expert,1.5,Completed
T1165,Grading,DOZ009,OP018,Site Beta - East Trenching Zone,Critical,2026-08-28 12:15:47,90.0,81.3,81.5,16,2.21,Sunny,Expert,2.8,Completed
T1166,Demolition,DOZ045,OP096,Site Gamma - River Basin Basin Prep,High,2026-08-28 12:57:47,110.0,105.0,110.5,24,2.56,Cloudy,Expert,4.0,Completed
T1167,Hauling,DOZ045,OP071,Site Gamma - River Basin Basin Prep,High,2026-08-28 13:39:47,40.0,72.8,70.7,16,2.2,Storm,Beginner,4.0,Completed
T1168,Compaction,COM048,OP071,Site Delta - Highway Interchange,Medium,2026-08-28 14:21:47,50.0,60.4,66.9,29,1.22,Cloudy,Beginner,3.9,Completed
T1169,Trenching,WHE014,OP080,Site Alpha - Sector 1 Quarry,High,2026-08-28 15:03:47,75.0,77.9,83.2,28,4.05,Sunny,Intermediate,3.6,Completed
T1170,Compaction,DUM023,OP087,Site Gamma - River Basin Basin Prep,Medium,2026-08-28 15:45:47,50.0,61.8,57.2,19,3.34,Windy,Intermediate,4.9,Completed
T1171,Compaction,COM042,OP023,Site Alpha - Sector 1 Quarry,High,2026-08-28 16:27:47,50.0,61.3,58.1,14,3.38,Cloudy,Beginner,0.7,Completed
T1172,Compaction,WHE008,OP098,Site Alpha - Sector 1 Quarry,High,2026-08-28 17:09:47,50.0,49.1,51.6,13,1.54,Sunny,Expert,6.4,Completed
T1173,Demolition,EXC031,OP075,Site Delta - Highway Interchange,Critical,2026-08-28 17:51:47,110.0,136.9,136.5,22,3.54,Rainy,Intermediate,2.5,Completed
T1174,Compaction,COM048,OP069,Site Delta - Highway Interchange,High,2026-08-28 18:33:47,50.0,79.3,85.4,25,2.52,Storm,Intermediate,3.9,Completed
T1175,Hauling,GRA028,OP002,Site Gamma - River Basin Basin Prep,Low,2026-08-28 19:15:47,40.0,79.7,81.6,20,1.49,Storm,Beginner,4.8,Completed
T1176,Earth Excavation,EXC025,OP019,Site Beta - North Overpass,Low,2026-08-28 19:57:47,60.0,85.9,91.0,14,1.52,Windy,Beginner,9.2,Completed
T1177,Compaction,GRA004,OP026,Site Beta - North Overpass,High,2026-08-28 20:39:47,50.0,58.6,54.7,17,3.43,Windy,Intermediate,4.9,Completed
T1178,Hauling,DUM011,OP037,Site Delta - Highway Interchange,High,2026-08-28 21:21:47,40.0,46.5,44.1,20,3.23,Cloudy,Beginner,0.6,Completed
T1179,Trenching,GRA004,OP089,Site Beta - North Overpass,High,2026-08-28 22:03:47,75.0,121.4,132.4,12,0.54,Storm,Intermediate,4.9,Completed
T1180,Trenching,EXC049,OP070,Site Alpha - Sector 4 Foundation,Low,2026-08-28 22:45:47,75.0,111.0,107.4,26,2.67,Windy,Beginner,6.5,Completed
T1181,Material Loading,DUM029,OP014,Site Beta - North Overpass,Medium,2026-08-28 23:27:47,45.0,55.2,50.3,28,1.74,Rainy,Intermediate,1.0,Completed
T1182,Compaction,COM042,OP072,Site Alpha - Sector 1 Quarry,Critical,2026-08-29 00:09:47,50.0,51.4,48.3,12,0.99,Cloudy,Intermediate,0.7,Completed
T1183,Trenching,DOZ033,OP090,Site Beta - East Trenching Zone,High,2026-08-29 00:51:47,75.0,70.7,71.9,26,2.67,Cloudy,Expert,3.2,Completed
T1184,Compaction,EXC043,OP007,Site Beta - East Trenching Zone,Critical,2026-08-29 01:33:47,50.0,61.9,57.5,23,2.13,Sunny,Beginner,1.8,Completed
T1185,Grading,DOZ027,OP088,Site Gamma - River Basin Basin Prep,High,2026-08-29 02:15:47,90.0,101.4,105.1,29,0.98,Windy,Intermediate,4.3,Completed
T1186,Demolition,GRA004,OP002,Site Beta - North Overpass,High,2026-08-29 02:57:47,110.0,170.1,175.8,26,3.13,Rainy,Beginner,4.9,Completed
T1187,Trenching,GRA040,OP100,Site Gamma - River Basin Basin Prep,Critical,2026-08-29 03:39:47,75.0,88.1,81.0,26,2.3,Sunny,Beginner,1.3,Completed
T1188,Hauling,DOZ015,OP082,Site Delta - Highway Interchange,High,2026-08-29 04:21:47,40.0,38.1,39.0,9,4.18,Windy,Expert,2.7,Completed
T1189,Hauling,WHE038,OP070,Site Gamma - River Basin Basin Prep,Medium,2026-08-29 05:03:47,40.0,58.1,53.8,13,1.41,Windy,Beginner,6.6,Completed
T1190,Hauling,DUM047,OP025,Site Delta - Highway Interchange,High,2026-08-29 05:45:47,40.0,59.2,61.4,13,2.69,Rainy,Intermediate,10.4,Completed
T1191,Grading,COM012,OP088,Site Alpha - Sector 4 Foundation,Low,2026-08-29 06:27:47,90.0,108.4,107.8,14,2.96,Rainy,Intermediate,1.6,Completed
T1192,Trenching,COM012,OP095,Site Alpha - Sector 4 Foundation,Low,2026-08-29 07:09:47,75.0,87.4,93.7,22,1.79,Sunny,Beginner,1.6,Completed
T1193,Grading,DOZ003,OP055,Site Alpha - Sector 4 Foundation,High,2026-08-29 07:51:47,90.0,79.7,79.8,12,1.77,Sunny,Expert,2.4,Completed
T1194,Demolition,DUM017,OP017,Site Alpha - Sector 1 Quarry,Medium,2026-08-29 08:33:47,110.0,128.7,141.5,9,2.99,Cloudy,Beginner,1.7,Completed
T1195,Demolition,DUM017,OP001,Site Alpha - Sector 1 Quarry,High,2026-08-29 09:15:47,110.0,95.5,99.5,14,2.41,Sunny,Expert,1.7,Completed
T1196,Grading,GRA046,OP020,Site Gamma - River Basin Basin Prep,Low,2026-08-29 09:57:47,90.0,77.3,80.0,8,2.01,Sunny,Expert,0.6,Completed
T1197,Trenching,DOZ021,OP077,Site Gamma - River Basin Basin Prep,Low,2026-08-29 10:39:47,75.0,66.2,61.3,13,3.91,Sunny,Expert,1.4,Completed
T1198,Hauling,DUM041,OP079,Site Alpha - Sector 4 Foundation,High,2026-08-29 11:21:47,40.0,35.6,34.4,12,4.44,Sunny,Expert,3.2,Completed
T1199,Grading,EXC037,OP071,Site Beta - North Overpass,High,2026-08-29 12:03:47,90.0,112.9,104.0,25,1.45,Sunny,Beginner,6.0,Completed
T1200,Earth Excavation,GRA046,OP041,Site Gamma - River Basin Basin Prep,Medium,2026-08-29 12:45:47,60.0,54.8,53.9,9,4.26,Cloudy,Expert,0.6,Completed
T1201,Trenching,GRA034,OP009,Site Alpha - Sector 4 Foundation,Medium,2026-08-29 13:27:47,75.0,90.8,88.7,24,2.62,Sunny,Beginner,0.8,Completed
T1202,Grading,DUM035,OP069,Site Beta - North Overpass,Critical,2026-08-29 14:09:47,90.0,110.1,121.8,19,4.27,Rainy,Intermediate,3.2,Completed
T1203,Earth Excavation,DUM023,OP029,Site Gamma - River Basin Basin Prep,Medium,2026-08-29 14:51:47,60.0,55.2,56.8,27,2.1,Sunny,Expert,4.9,Completed
T1204,Compaction,GRA022,OP043,Site Alpha - Sector 4 Foundation,High,2026-08-29 15:33:47,50.0,41.9,36.6,8,1.25,Sunny,Expert,0.8,Completed
T1205,Material Loading,WHE014,OP097,Site Alpha - Sector 1 Quarry,Critical,2026-08-29 16:15:47,45.0,46.1,50.0,20,0.68,Sunny,Intermediate,3.6,Completed
T1206,Demolition,EXC049,OP084,Site Alpha - Sector 4 Foundation,Low,2026-08-29 16:57:47,110.0,143.0,149.5,26,3.95,Cloudy,Beginner,6.5,Completed
T1207,Earth Excavation,EXC043,OP045,Site Beta - East Trenching Zone,Critical,2026-08-29 17:39:47,60.0,68.2,71.3,15,2.5,Sunny,Beginner,1.8,Completed
T1208,Trenching,COM042,OP079,Site Alpha - Sector 1 Quarry,Medium,2026-08-29 18:21:47,75.0,66.2,58.6,15,0.96,Sunny,Expert,0.7,Completed
T1209,Earth Excavation,WHE044,OP042,Site Alpha - Sector 4 Foundation,Critical,2026-08-29 19:03:47,60.0,106.7,113.8,17,2.16,Storm,Beginner,1.2,Completed
T1210,Hauling,WHE008,OP050,Site Alpha - Sector 1 Quarry,High,2026-08-29 19:45:47,40.0,50.5,54.4,15,4.06,Windy,Intermediate,6.4,Completed
T1211,Demolition,DUM047,OP037,Site Delta - Highway Interchange,Low,2026-08-29 20:27:47,110.0,148.3,144.0,27,1.32,Cloudy,Beginner,10.4,Completed
T1212,Demolition,WHE050,OP048,Site Alpha - Sector 1 Quarry,Critical,2026-08-29 21:09:47,110.0,165.5,150.1,24,2.5,Windy,Beginner,5.4,Completed
T1213,Grading,DOZ003,OP038,Site Alpha - Sector 4 Foundation,Medium,2026-08-29 21:51:47,90.0,95.1,94.6,22,2.02,Windy,Intermediate,2.4,Completed
T1214,Material Loading,DOZ033,OP011,Site Beta - East Trenching Zone,Low,2026-08-29 22:33:47,45.0,53.5,54.9,16,1.53,Sunny,Beginner,3.2,Completed
T1215,Trenching,WHE050,OP069,Site Alpha - Sector 1 Quarry,Low,2026-08-29 23:15:47,75.0,82.9,74.6,14,3.29,Cloudy,Intermediate,5.4,Completed
T1216,Compaction,DUM005,OP027,Site Beta - North Overpass,Medium,2026-08-29 23:57:47,50.0,89.5,91.2,17,1.73,Rainy,Beginner,10.8,Completed
T1217,Hauling,WHE044,OP055,Site Alpha - Sector 4 Foundation,Low,2026-08-30 00:39:47,40.0,35.7,36.7,8,4.47,Cloudy,Expert,1.2,Completed
T1218,Trenching,DUM035,OP090,Site Beta - North Overpass,Critical,2026-08-30 01:21:47,75.0,69.2,72.3,22,3.7,Sunny,Expert,3.2,Completed
T1219,Compaction,DUM005,OP096,Site Beta - North Overpass,Medium,2026-08-30 02:03:47,50.0,49.6,53.8,14,0.41,Sunny,Expert,10.8,Completed
T1220,Earth Excavation,COM030,OP092,Site Beta - East Trenching Zone,High,2026-08-30 02:45:47,60.0,70.3,71.6,18,3.04,Sunny,Beginner,3.2,Completed
T1221,Earth Excavation,COM006,OP010,Site Beta - North Overpass,Low,2026-08-30 03:27:47,60.0,96.2,91.4,29,0.73,Storm,Intermediate,4.5,Completed
T1222,Trenching,DUM017,OP072,Site Alpha - Sector 1 Quarry,Low,2026-08-30 04:09:47,75.0,94.2,89.0,12,1.73,Rainy,Intermediate,1.7,Completed
T1223,Demolition,DOZ015,OP034,Site Delta - Highway Interchange,Critical,2026-08-30 04:51:47,110.0,109.3,111.9,13,4.04,Sunny,Intermediate,2.7,Completed
T1224,Grading,DUM029,OP081,Site Beta - North Overpass,Critical,2026-08-30 05:33:47,90.0,90.9,86.3,16,1.07,Cloudy,Intermediate,1.0,Completed
T1225,Grading,DOZ021,OP003,Site Gamma - River Basin Basin Prep,Critical,2026-08-30 06:15:47,90.0,113.4,101.1,21,3.64,Cloudy,Beginner,1.4,Completed
T1226,Compaction,WHE008,OP069,Site Alpha - Sector 1 Quarry,Low,2026-08-30 06:57:47,50.0,55.0,56.0,22,3.24,Sunny,Intermediate,6.4,Completed
T1227,Compaction,DUM047,OP080,Site Delta - Highway Interchange,Low,2026-08-30 07:39:47,50.0,72.8,70.3,14,1.02,Rainy,Intermediate,10.4,Completed
T1228,Hauling,COM048,OP075,Site Delta - Highway Interchange,Low,2026-08-30 08:21:47,40.0,42.9,45.5,19,0.53,Cloudy,Intermediate,3.9,Completed
T1229,Compaction,DUM005,OP046,Site Beta - North Overpass,Low,2026-08-30 09:03:47,50.0,79.1,76.5,26,1.46,Storm,Expert,10.8,Completed
T1230,Material Loading,WHE044,OP039,Site Alpha - Sector 4 Foundation,Low,2026-08-30 09:45:47,45.0,39.7,36.8,16,3.4,Sunny,Expert,1.2,Completed
T1231,Material Loading,EXC049,OP057,Site Alpha - Sector 4 Foundation,Critical,2026-08-30 10:27:47,45.0,48.5,42.9,15,1.67,Sunny,Intermediate,6.5,Completed
T1232,Grading,EXC043,OP004,Site Beta - East Trenching Zone,Critical,2026-08-30 11:09:47,90.0,131.0,137.5,29,3.11,Rainy,Beginner,1.8,Completed
T1233,Trenching,DUM035,OP029,Site Beta - North Overpass,Medium,2026-08-30 11:51:47,75.0,84.2,83.9,18,1.69,Rainy,Expert,3.2,Completed
T1234,Compaction,WHE026,OP070,Site Gamma - River Basin Basin Prep,High,2026-08-30 12:33:47,50.0,59.9,62.0,11,1.6,Sunny,Beginner,1.5,Completed
T1235,Compaction,GRA010,OP039,Site Beta - East Trenching Zone,High,2026-08-30 13:15:47,50.0,46.2,45.5,18,0.79,Sunny,Expert,3.4,Completed
T1236,Earth Excavation,COM036,OP072,Site Alpha - Sector 1 Quarry,Medium,2026-08-30 13:57:47,60.0,61.4,63.6,23,3.77,Sunny,Intermediate,4.3,Completed
T1237,Earth Excavation,DOZ003,OP001,Site Alpha - Sector 4 Foundation,Critical,2026-08-30 14:39:47,60.0,54.1,49.2,21,2.24,Sunny,Expert,2.4,Completed
T1238,Demolition,COM036,OP011,Site Alpha - Sector 1 Quarry,High,2026-08-30 15:21:47,110.0,150.3,134.0,15,2.34,Cloudy,Beginner,4.3,Completed
T1239,Trenching,COM048,OP095,Site Delta - Highway Interchange,High,2026-08-30 16:03:47,75.0,110.3,123.0,17,1.42,Rainy,Beginner,3.9,Completed
T1240,Trenching,DOZ027,OP083,Site Gamma - River Basin Basin Prep,Medium,2026-08-30 16:45:47,75.0,97.9,93.1,26,2.06,Cloudy,Beginner,4.3,Completed
T1241,Trenching,COM012,OP029,Site Alpha - Sector 4 Foundation,High,2026-08-30 17:27:47,75.0,71.0,61.7,13,0.64,Cloudy,Expert,1.6,Completed
T1242,Trenching,WHE008,OP024,Site Alpha - Sector 1 Quarry,Low,2026-08-30 18:09:47,75.0,77.9,82.2,28,0.81,Windy,Expert,6.4,Completed
T1243,Hauling,EXC049,OP071,Site Alpha - Sector 4 Foundation,Critical,2026-08-30 18:51:47,40.0,51.1,53.3,19,0.62,Sunny,Beginner,6.5,Completed
T1244,Compaction,COM036,OP010,Site Alpha - Sector 1 Quarry,High,2026-08-30 19:33:47,50.0,65.1,67.4,26,2.25,Rainy,Intermediate,4.3,Completed
T1245,Compaction,DUM005,OP033,Site Beta - North Overpass,Low,2026-08-30 20:15:47,50.0,58.1,55.0,15,3.32,Sunny,Intermediate,10.8,Completed
T1246,Trenching,DUM047,OP075,Site Delta - Highway Interchange,Critical,2026-08-30 20:57:47,75.0,99.6,92.4,19,3.08,Windy,Intermediate,10.4,Completed
T1247,Material Loading,DUM023,OP017,Site Gamma - River Basin Basin Prep,Medium,2026-08-30 21:39:47,45.0,57.4,63.0,12,2.37,Sunny,Beginner,4.9,Completed
T1248,Earth Excavation,EXC019,OP080,Site Gamma - River Basin Basin Prep,Low,2026-08-30 22:21:47,60.0,62.3,55.0,22,1.1,Sunny,Intermediate,4.5,Completed
T1249,Trenching,DOZ021,OP063,Site Gamma - River Basin Basin Prep,Critical,2026-08-30 23:03:47,75.0,87.8,85.5,9,0.93,Sunny,Beginner,1.4,Completed
T1250,Material Loading,GRA040,OP085,Site Gamma - River Basin Basin Prep,High,2026-08-30 23:45:47,45.0,46.7,48.0,16,1.42,Sunny,Intermediate,1.3,Completed
T1251,Compaction,WHE038,OP020,Site Gamma - River Basin Basin Prep,High,2026-08-31 00:27:47,50.0,48.2,49.2,24,3.59,Sunny,Expert,6.6,Completed
T1252,Hauling,DOZ021,OP055,Site Gamma - River Basin Basin Prep,Medium,2026-08-31 01:09:47,40.0,33.3,39.1,26,4.3,Sunny,Expert,1.4,Completed
T1253,Earth Excavation,DOZ021,OP032,Site Gamma - River Basin Basin Prep,Medium,2026-08-31 01:51:47,60.0,91.6,88.5,18,1.71,Storm,Intermediate,1.4,Completed
T1254,Compaction,COM048,OP083,Site Delta - Highway Interchange,Critical,2026-08-31 02:33:47,50.0,68.8,69.8,8,1.42,Windy,Beginner,3.9,Completed
T1255,Material Loading,COM024,OP018,Site Delta - Highway Interchange,High,2026-08-31 03:15:47,45.0,46.9,42.8,18,3.68,Sunny,Expert,10.9,Completed
T1256,Grading,COM030,OP058,Site Beta - East Trenching Zone,High,2026-08-31 03:57:47,90.0,96.8,91.4,9,2.97,Cloudy,Intermediate,3.2,Completed
T1257,Hauling,WHE020,OP063,Site Alpha - Sector 4 Foundation,Low,2026-08-31 04:39:47,40.0,52.4,48.3,17,3.12,Windy,Beginner,3.4,Completed
T1258,Trenching,COM042,OP078,Site Alpha - Sector 1 Quarry,Low,2026-08-31 05:21:47,75.0,95.9,84.7,26,1.1,Windy,Beginner,0.7,Completed
T1259,Hauling,COM018,OP018,Site Gamma - River Basin Basin Prep,Medium,2026-08-31 06:03:47,40.0,35.9,36.0,18,4.44,Cloudy,Expert,1.2,Completed
T1260,Material Loading,DUM047,OP081,Site Delta - Highway Interchange,Low,2026-08-31 06:45:47,45.0,54.3,53.8,11,1.36,Sunny,Intermediate,10.4,Completed
T1261,Compaction,DUM005,OP003,Site Beta - North Overpass,Low,2026-08-31 07:27:47,50.0,101.6,101.5,12,3.64,Storm,Beginner,10.8,Completed
T1262,Hauling,WHE038,OP075,Site Gamma - River Basin Basin Prep,Critical,2026-08-31 08:09:47,40.0,46.6,44.7,29,2.06,Cloudy,Intermediate,6.6,Completed
T1263,Hauling,WHE038,OP028,Site Gamma - River Basin Basin Prep,Low,2026-08-31 08:51:47,40.0,50.9,52.8,17,1.93,Sunny,Beginner,6.6,Completed
T1264,Demolition,DUM017,OP070,Site Alpha - Sector 1 Quarry,Critical,2026-08-31 09:33:47,110.0,128.6,129.5,26,3.16,Sunny,Beginner,1.7,Completed
T1265,Compaction,WHE050,OP020,Site Alpha - Sector 1 Quarry,High,2026-08-31 10:15:47,50.0,48.9,44.5,26,1.14,Sunny,Expert,5.4,Completed
T1266,Grading,DOZ015,OP099,Site Delta - Highway Interchange,High,2026-08-31 10:57:47,90.0,97.0,98.4,23,2.75,Sunny,Beginner,2.7,Completed
T1267,Trenching,COM030,OP065,Site Beta - East Trenching Zone,Low,2026-08-31 11:39:47,75.0,99.4,96.9,24,1.94,Windy,Beginner,3.2,Completed
T1268,Grading,COM024,OP065,Site Delta - Highway Interchange,Low,2026-08-31 12:21:47,90.0,134.1,141.2,10,4.45,Cloudy,Beginner,10.9,Completed
T1269,Compaction,GRA016,OP079,Site Delta - Highway Interchange,Medium,2026-08-31 13:03:47,50.0,46.2,41.2,26,1.62,Sunny,Expert,3.2,Completed
T1270,Hauling,DOZ033,OP018,Site Beta - East Trenching Zone,Critical,2026-08-31 13:45:47,40.0,34.7,34.5,26,0.95,Sunny,Expert,3.2,Completed
T1271,Trenching,COM012,OP073,Site Alpha - Sector 4 Foundation,Medium,2026-08-31 14:27:47,75.0,95.2,91.4,14,1.24,Storm,Expert,1.6,Completed
T1272,Compaction,DUM047,OP062,Site Delta - Highway Interchange,High,2026-08-31 15:09:47,50.0,56.9,54.2,13,2.02,Sunny,Intermediate,10.4,Completed
T1273,Earth Excavation,DOZ015,OP098,Site Delta - Highway Interchange,Critical,2026-08-31 15:51:47,60.0,54.6,59.0,23,3.51,Sunny,Expert,2.7,Completed
T1274,Trenching,DUM005,OP034,Site Beta - North Overpass,High,2026-08-31 16:33:47,75.0,89.9,98.9,13,0.41,Cloudy,Intermediate,10.8,Completed
T1275,Trenching,DOZ003,OP086,Site Alpha - Sector 4 Foundation,Medium,2026-08-31 17:15:47,75.0,74.4,71.6,8,0.64,Sunny,Intermediate,2.4,Completed
T1276,Demolition,COM024,OP050,Site Delta - Highway Interchange,Critical,2026-08-31 17:57:47,110.0,132.5,112.6,23,0.46,Sunny,Intermediate,10.9,Completed
T1277,Grading,DOZ003,OP006,Site Alpha - Sector 4 Foundation,High,2026-08-31 18:39:47,90.0,81.3,80.5,23,3.22,Cloudy,Expert,2.4,Completed
T1278,Earth Excavation,GRA046,OP067,Site Gamma - River Basin Basin Prep,High,2026-08-31 19:21:47,60.0,54.9,59.3,10,2.78,Sunny,Intermediate,0.6,Completed
T1279,Hauling,COM048,OP034,Site Delta - Highway Interchange,Medium,2026-08-31 20:03:47,40.0,42.9,42.7,28,3.28,Sunny,Intermediate,3.9,Completed
T1280,Grading,COM042,OP049,Site Alpha - Sector 1 Quarry,High,2026-08-31 20:45:47,90.0,106.1,111.1,24,1.75,Sunny,Beginner,0.7,Completed
T1281,Demolition,COM042,OP010,Site Alpha - Sector 1 Quarry,High,2026-08-31 21:27:47,110.0,107.0,114.5,22,3.14,Cloudy,Intermediate,0.7,Completed
T1282,Grading,DOZ015,OP067,Site Delta - Highway Interchange,Critical,2026-08-31 22:09:47,90.0,118.8,120.1,27,3.64,Rainy,Intermediate,2.7,Completed
T1283,Material Loading,DUM023,OP063,Site Gamma - River Basin Basin Prep,Critical,2026-08-31 22:51:47,45.0,57.0,54.6,11,2.09,Sunny,Beginner,4.9,Completed
T1284,Demolition,EXC001,OP065,Site Alpha - Sector 4 Foundation,Medium,2026-08-31 23:33:47,110.0,205.7,182.8,15,3.65,Storm,Beginner,2.4,Completed
T1285,Grading,DUM011,OP030,Site Delta - Highway Interchange,Low,2026-09-01 00:15:47,90.0,83.4,80.0,14,0.66,Cloudy,Expert,0.6,Completed
T1286,Demolition,COM042,OP036,Site Alpha - Sector 1 Quarry,Medium,2026-09-01 00:57:47,110.0,122.5,128.7,16,3.06,Sunny,Beginner,0.7,Completed
T1287,Trenching,COM012,OP021,Site Alpha - Sector 4 Foundation,High,2026-09-01 01:39:47,75.0,75.7,78.1,16,0.5,Sunny,Intermediate,1.6,Completed
T1288,Demolition,GRA046,OP016,Site Gamma - River Basin Basin Prep,Medium,2026-09-01 02:21:47,110.0,140.5,145.0,19,4.1,Windy,Beginner,0.6,Completed
T1289,Grading,GRA022,OP093,Site Alpha - Sector 4 Foundation,Low,2026-09-01 03:03:47,90.0,105.0,107.2,27,3.24,Sunny,Beginner,0.8,Completed
T1290,Grading,WHE044,OP062,Site Alpha - Sector 4 Foundation,Critical,2026-09-01 03:45:47,90.0,84.2,102.8,15,3.26,Cloudy,Intermediate,1.2,Completed
T1291,Trenching,WHE038,OP021,Site Gamma - River Basin Basin Prep,Critical,2026-09-01 04:27:47,75.0,80.3,78.9,12,0.57,Sunny,Intermediate,6.6,Completed
T1292,Earth Excavation,GRA016,OP006,Site Delta - Highway Interchange,Medium,2026-09-01 05:09:47,60.0,53.6,48.3,26,2.49,Sunny,Expert,3.2,Completed
T1293,Demolition,WHE038,OP021,Site Gamma - River Basin Basin Prep,Medium,2026-09-01 05:51:47,110.0,121.9,118.2,25,4.28,Sunny,Intermediate,6.6,Completed
T1294,Compaction,DOZ033,OP006,Site Beta - East Trenching Zone,Medium,2026-09-01 06:33:47,50.0,42.2,46.4,19,0.64,Sunny,Expert,3.2,Completed
T1295,Earth Excavation,DUM011,OP034,Site Delta - Highway Interchange,Medium,2026-09-01 07:15:47,60.0,66.5,63.9,28,3.78,Windy,Intermediate,0.6,Completed
T1296,Demolition,WHE026,OP077,Site Gamma - River Basin Basin Prep,Low,2026-09-01 07:57:47,110.0,102.4,106.9,13,2.16,Windy,Expert,1.5,Completed
T1297,Compaction,DUM047,OP085,Site Delta - Highway Interchange,High,2026-09-01 08:39:47,50.0,56.1,47.6,11,4.26,Sunny,Intermediate,10.4,Completed
T1298,Earth Excavation,WHE014,OP058,Site Alpha - Sector 1 Quarry,Critical,2026-09-01 09:21:47,60.0,68.0,70.3,18,1.07,Windy,Intermediate,3.6,Completed
T1299,Hauling,EXC031,OP022,Site Delta - Highway Interchange,Medium,2026-09-01 10:03:47,40.0,43.7,43.4,17,2.65,Rainy,Expert,2.5,Completed
T1300,Hauling,DOZ027,OP077,Site Gamma - River Basin Basin Prep,Medium,2026-09-01 10:45:47,40.0,37.8,35.8,28,2.33,Sunny,Expert,4.3,Completed
T1301,Hauling,WHE038,OP099,Site Gamma - River Basin Basin Prep,Medium,2026-09-01 11:27:47,40.0,53.7,50.3,12,2.52,Sunny,Beginner,6.6,Completed
T1302,Demolition,EXC043,OP066,Site Beta - East Trenching Zone,High,2026-09-01 12:09:47,110.0,118.2,120.5,21,2.24,Windy,Intermediate,1.8,Completed
T1303,Trenching,DUM047,OP088,Site Delta - Highway Interchange,High,2026-09-01 12:51:47,75.0,89.8,80.5,22,2.61,Cloudy,Intermediate,10.4,Completed
T1304,Grading,DOZ039,OP076,Site Alpha - Sector 1 Quarry,Low,2026-09-01 13:33:47,90.0,85.9,82.2,10,1.06,Sunny,Intermediate,1.5,Completed
T1305,Trenching,EXC025,OP050,Site Beta - North Overpass,Medium,2026-09-01 14:15:47,75.0,90.6,98.9,19,3.8,Cloudy,Intermediate,9.2,Completed
T1306,Earth Excavation,WHE002,OP026,Site Alpha - Sector 1 Quarry,Critical,2026-09-01 14:57:47,60.0,63.5,65.8,20,2.84,Windy,Intermediate,1.1,Completed
T1307,Hauling,GRA010,OP078,Site Beta - East Trenching Zone,Low,2026-09-01 15:39:47,40.0,49.9,43.0,26,3.46,Sunny,Beginner,3.4,Completed
T1308,Trenching,EXC031,OP079,Site Delta - Highway Interchange,Low,2026-09-01 16:21:47,75.0,66.5,69.6,23,4.32,Sunny,Expert,2.5,Completed
T1309,Hauling,DUM035,OP065,Site Beta - North Overpass,Low,2026-09-01 17:03:47,40.0,47.8,50.4,21,2.26,Cloudy,Beginner,3.2,Completed
T1310,Earth Excavation,EXC031,OP085,Site Delta - Highway Interchange,Medium,2026-09-01 17:45:47,60.0,61.8,59.3,8,1.81,Sunny,Intermediate,2.5,Completed
T1311,Demolition,DUM035,OP001,Site Beta - North Overpass,Critical,2026-09-01 18:27:47,110.0,100.2,89.6,16,1.01,Sunny,Expert,3.2,Completed
T1312,Demolition,DOZ027,OP048,Site Gamma - River Basin Basin Prep,Low,2026-09-01 19:09:47,110.0,138.8,129.6,22,2.12,Sunny,Beginner,4.3,Completed
T1313,Compaction,GRA034,OP055,Site Alpha - Sector 4 Foundation,Medium,2026-09-01 19:51:47,50.0,44.2,44.0,20,1.67,Cloudy,Expert,0.8,Completed
T1314,Hauling,EXC031,OP099,Site Delta - Highway Interchange,Critical,2026-09-01 20:33:47,40.0,49.4,41.5,15,1.49,Cloudy,Beginner,2.5,Completed
T1315,Material Loading,WHE038,OP095,Site Gamma - River Basin Basin Prep,Low,2026-09-01 21:15:47,45.0,60.8,53.9,11,0.49,Sunny,Beginner,6.6,Completed
T1316,Grading,DOZ009,OP033,Site Beta - East Trenching Zone,Critical,2026-09-01 21:57:47,90.0,92.1,82.1,28,0.62,Sunny,Intermediate,2.8,Completed
T1317,Hauling,DOZ015,OP011,Site Delta - Highway Interchange,High,2026-09-01 22:39:47,40.0,51.4,51.7,8,2.72,Cloudy,Beginner,2.7,Completed
T1318,Demolition,DUM035,OP053,Site Beta - North Overpass,High,2026-09-01 23:21:47,110.0,138.7,122.5,26,2.21,Sunny,Beginner,3.2,Completed
T1319,Trenching,EXC001,OP091,Site Alpha - Sector 4 Foundation,Low,2026-09-02 00:03:47,75.0,116.6,121.4,15,3.45,Storm,Intermediate,2.4,Completed
T1320,Demolition,GRA034,OP016,Site Alpha - Sector 4 Foundation,Low,2026-09-02 00:45:47,110.0,125.6,128.7,21,4.48,Cloudy,Beginner,0.8,Completed
T1321,Grading,COM042,OP027,Site Alpha - Sector 1 Quarry,High,2026-09-02 01:27:47,90.0,109.2,109.4,23,4.35,Cloudy,Beginner,0.7,Completed
T1322,Grading,COM024,OP014,Site Delta - Highway Interchange,Medium,2026-09-02 02:09:47,90.0,110.0,112.0,29,3.07,Cloudy,Intermediate,10.9,Completed
T1323,Grading,COM042,OP075,Site Alpha - Sector 1 Quarry,High,2026-09-02 02:51:47,90.0,85.6,78.4,20,0.85,Sunny,Intermediate,0.7,Completed
T1324,Material Loading,DUM035,OP055,Site Beta - North Overpass,High,2026-09-02 03:33:47,45.0,40.5,36.6,12,0.78,Sunny,Expert,3.2,Completed
T1325,Demolition,COM018,OP088,Site Gamma - River Basin Basin Prep,Critical,2026-09-02 04:15:47,110.0,110.4,105.5,27,3.68,Sunny,Intermediate,1.2,Completed
T1326,Hauling,WHE014,OP053,Site Alpha - Sector 1 Quarry,Critical,2026-09-02 04:57:47,40.0,50.1,54.8,28,0.97,Sunny,Beginner,3.6,Completed
T1327,Trenching,COM024,OP072,Site Delta - Highway Interchange,Critical,2026-09-02 05:39:47,75.0,112.0,116.6,29,1.03,Rainy,Intermediate,10.9,Completed
T1328,Material Loading,WHE020,OP074,Site Alpha - Sector 4 Foundation,High,2026-09-02 06:21:47,45.0,45.9,49.3,28,4.02,Sunny,Intermediate,3.4,Completed
T1329,Hauling,GRA046,OP051,Site Gamma - River Basin Basin Prep,Medium,2026-09-02 07:03:47,40.0,45.7,49.1,19,1.43,Sunny,Beginner,0.6,Completed
T1330,Hauling,EXC043,OP016,Site Beta - East Trenching Zone,Medium,2026-09-02 07:45:47,40.0,47.5,48.8,28,3.11,Cloudy,Beginner,1.8,Completed
T1331,Grading,DOZ045,OP021,Site Gamma - River Basin Basin Prep,Low,2026-09-02 08:27:47,90.0,97.5,99.2,11,2.01,Cloudy,Intermediate,4.0,Completed
T1332,Trenching,DOZ033,OP052,Site Beta - East Trenching Zone,High,2026-09-02 09:09:47,75.0,80.0,77.6,10,2.68,Sunny,Intermediate,3.2,Completed
T1333,Hauling,COM036,OP079,Site Alpha - Sector 1 Quarry,Low,2026-09-02 09:51:47,40.0,36.6,39.0,21,4.04,Sunny,Expert,4.3,Completed
T1334,Trenching,EXC025,OP082,Site Beta - North Overpass,Low,2026-09-02 10:33:47,75.0,80.6,79.4,12,0.92,Cloudy,Expert,9.2,Completed
T1335,Hauling,COM006,OP019,Site Beta - North Overpass,Critical,2026-09-02 11:15:47,40.0,47.1,45.3,23,3.69,Sunny,Beginner,4.5,Completed
T1336,Demolition,GRA028,OP012,Site Gamma - River Basin Basin Prep,Low,2026-09-02 11:57:47,110.0,101.3,98.4,22,4.33,Sunny,Expert,4.8,Completed
T1337,Material Loading,DOZ015,OP048,Site Delta - Highway Interchange,Low,2026-09-02 12:39:47,45.0,52.6,54.2,17,3.19,Sunny,Beginner,2.7,Completed
T1338,Demolition,DOZ003,OP093,Site Alpha - Sector 4 Foundation,Critical,2026-09-02 13:21:47,110.0,147.4,146.7,16,1.1,Windy,Beginner,2.4,Completed
T1339,Grading,GRA040,OP084,Site Gamma - River Basin Basin Prep,High,2026-09-02 14:03:47,90.0,129.6,132.7,18,1.6,Rainy,Beginner,1.3,Completed
T1340,Compaction,DOZ039,OP008,Site Alpha - Sector 1 Quarry,Medium,2026-09-02 14:45:47,50.0,43.2,40.2,16,4.31,Sunny,Expert,1.5,Completed
T1341,Compaction,WHE032,OP057,Site Beta - East Trenching Zone,Low,2026-09-02 15:27:47,50.0,47.9,49.3,21,3.93,Sunny,Intermediate,0.7,Completed
T1342,Trenching,EXC043,OP067,Site Beta - East Trenching Zone,High,2026-09-02 16:09:47,75.0,73.6,72.2,12,1.61,Sunny,Intermediate,1.8,Completed
T1343,Trenching,DOZ003,OP077,Site Alpha - Sector 4 Foundation,Medium,2026-09-02 16:51:47,75.0,61.7,58.7,11,1.31,Sunny,Expert,2.4,Completed
T1344,Demolition,DUM011,OP087,Site Delta - Highway Interchange,Low,2026-09-02 17:33:47,110.0,137.4,120.3,16,3.67,Rainy,Intermediate,0.6,Completed
T1345,Material Loading,GRA016,OP084,Site Delta - Highway Interchange,Low,2026-09-02 18:15:47,45.0,54.9,55.0,13,2.05,Sunny,Beginner,3.2,Completed
T1346,Trenching,COM006,OP036,Site Beta - North Overpass,Critical,2026-09-02 18:57:47,75.0,91.5,89.3,12,0.67,Cloudy,Beginner,4.5,Completed
T1347,Material Loading,EXC043,OP051,Site Beta - East Trenching Zone,Critical,2026-09-02 19:39:47,45.0,52.9,52.7,28,3.33,Sunny,Beginner,1.8,Completed
T1348,Demolition,EXC013,OP067,Site Beta - East Trenching Zone,Low,2026-09-02 20:21:47,110.0,112.5,122.2,29,3.22,Cloudy,Intermediate,3.2,Completed
T1349,Compaction,GRA046,OP009,Site Gamma - River Basin Basin Prep,Low,2026-09-02 21:03:47,50.0,68.9,80.3,22,1.75,Rainy,Beginner,0.6,Completed
T1350,Demolition,EXC019,OP093,Site Gamma - River Basin Basin Prep,High,2026-09-02 21:45:47,110.0,172.7,185.1,21,4.3,Rainy,Beginner,4.5,Completed
T1351,Material Loading,COM018,OP029,Site Gamma - River Basin Basin Prep,Medium,2026-09-02 22:27:47,45.0,38.0,36.0,9,3.68,Sunny,Expert,1.2,Completed
T1352,Grading,WHE026,OP074,Site Gamma - River Basin Basin Prep,Low,2026-09-02 23:09:47,90.0,87.1,80.3,29,3.16,Sunny,Intermediate,1.5,Completed
T1353,Material Loading,COM012,OP053,Site Alpha - Sector 4 Foundation,Low,2026-09-02 23:51:47,45.0,58.1,61.6,10,4.28,Windy,Beginner,1.6,Completed
T1354,Demolition,DUM005,OP065,Site Beta - North Overpass,High,2026-09-03 00:33:47,110.0,159.9,170.7,20,2.11,Sunny,Beginner,10.8,Completed
T1355,Material Loading,WHE008,OP066,Site Alpha - Sector 1 Quarry,High,2026-09-03 01:15:47,45.0,53.2,45.6,12,4.2,Cloudy,Intermediate,6.4,Completed
T1356,Demolition,EXC037,OP033,Site Beta - North Overpass,Critical,2026-09-03 01:57:47,110.0,117.9,126.5,19,2.09,Cloudy,Intermediate,6.0,Completed
T1357,Grading,EXC037,OP062,Site Beta - North Overpass,Medium,2026-09-03 02:39:47,90.0,95.6,94.0,11,2.6,Sunny,Intermediate,6.0,Completed
T1358,Hauling,GRA022,OP100,Site Alpha - Sector 4 Foundation,Critical,2026-09-03 03:21:47,40.0,58.6,58.2,10,4.39,Rainy,Beginner,0.8,Completed
T1359,Compaction,COM030,OP076,Site Beta - East Trenching Zone,Low,2026-09-03 04:03:47,50.0,51.1,49.5,17,2.5,Sunny,Intermediate,3.2,Completed
T1360,Grading,WHE008,OP034,Site Alpha - Sector 1 Quarry,Low,2026-09-03 04:45:47,90.0,94.3,95.7,17,2.84,Sunny,Intermediate,6.4,Completed
T1361,Grading,DUM041,OP029,Site Alpha - Sector 4 Foundation,Medium,2026-09-03 05:27:47,90.0,99.2,105.2,20,3.71,Rainy,Expert,3.2,Completed
T1362,Hauling,DOZ021,OP053,Site Gamma - River Basin Basin Prep,High,2026-09-03 06:09:47,40.0,46.4,46.4,26,1.69,Sunny,Beginner,1.4,Completed
T1363,Demolition,DUM035,OP002,Site Beta - North Overpass,High,2026-09-03 06:51:47,110.0,131.9,127.8,19,0.5,Sunny,Beginner,3.2,Completed
T1364,Trenching,EXC019,OP012,Site Gamma - River Basin Basin Prep,Critical,2026-09-03 07:33:47,75.0,85.8,81.9,19,2.75,Rainy,Expert,4.5,Completed
T1365,Compaction,COM048,OP044,Site Delta - Highway Interchange,Low,2026-09-03 08:15:47,50.0,46.7,46.6,12,4.11,Sunny,Expert,3.9,Completed
T1366,Demolition,COM012,OP061,Site Alpha - Sector 4 Foundation,High,2026-09-03 08:57:47,110.0,104.9,115.3,12,3.7,Sunny,Intermediate,1.6,Completed
T1367,Material Loading,WHE014,OP074,Site Alpha - Sector 1 Quarry,High,2026-09-03 09:39:47,45.0,45.9,47.5,17,3.87,Sunny,Intermediate,3.6,Completed
T1368,Trenching,COM048,OP088,Site Delta - Highway Interchange,Medium,2026-09-03 10:21:47,75.0,98.8,99.4,28,3.27,Rainy,Intermediate,3.9,Completed
T1369,Grading,COM048,OP026,Site Delta - Highway Interchange,Medium,2026-09-03 11:03:47,90.0,114.1,114.1,26,2.06,Rainy,Intermediate,3.9,Completed
T1370,Compaction,GRA016,OP034,Site Delta - Highway Interchange,Medium,2026-09-03 11:45:47,50.0,53.2,51.2,20,1.03,Sunny,Intermediate,3.2,Completed
T1371,Trenching,EXC013,OP032,Site Beta - East Trenching Zone,High,2026-09-03 12:27:47,75.0,115.1,110.6,16,4.43,Storm,Intermediate,3.2,Completed
T1372,Trenching,WHE050,OP014,Site Alpha - Sector 1 Quarry,Low,2026-09-03 13:09:47,75.0,77.9,77.4,28,1.58,Sunny,Intermediate,5.4,Completed
T1373,Earth Excavation,WHE044,OP085,Site Alpha - Sector 4 Foundation,Critical,2026-09-03 13:51:47,60.0,60.1,63.8,26,0.53,Sunny,Intermediate,1.2,Completed
T1374,Demolition,EXC001,OP098,Site Alpha - Sector 4 Foundation,Low,2026-09-03 14:33:47,110.0,103.4,96.8,22,3.3,Cloudy,Expert,2.4,Completed
T1375,Hauling,EXC031,OP048,Site Delta - Highway Interchange,High,2026-09-03 15:15:47,40.0,50.8,50.3,29,3.9,Windy,Beginner,2.5,Completed
T1376,Grading,EXC037,OP036,Site Beta - North Overpass,Critical,2026-09-03 15:57:47,90.0,113.5,115.2,23,3.42,Sunny,Beginner,6.0,Completed
T1377,Trenching,EXC049,OP066,Site Alpha - Sector 4 Foundation,High,2026-09-03 16:39:47,75.0,82.8,84.2,27,1.07,Sunny,Intermediate,6.5,Completed
T1378,Grading,DOZ015,OP097,Site Delta - Highway Interchange,Medium,2026-09-03 17:21:47,90.0,91.0,88.0,21,2.61,Sunny,Intermediate,2.7,Completed
T1379,Earth Excavation,GRA034,OP055,Site Alpha - Sector 4 Foundation,Critical,2026-09-03 18:03:47,60.0,55.5,51.4,13,0.92,Cloudy,Expert,0.8,Completed
T1380,Demolition,DOZ003,OP065,Site Alpha - Sector 4 Foundation,High,2026-09-03 18:45:47,110.0,125.9,128.8,27,1.71,Sunny,Beginner,2.4,Completed
T1381,Grading,WHE044,OP100,Site Alpha - Sector 4 Foundation,Medium,2026-09-03 19:27:47,90.0,108.5,108.2,28,0.88,Cloudy,Beginner,1.2,Completed
T1382,Grading,WHE008,OP090,Site Alpha - Sector 1 Quarry,Critical,2026-09-03 20:09:47,90.0,83.9,88.0,23,0.64,Sunny,Expert,6.4,Completed
T1383,Material Loading,DOZ045,OP002,Site Gamma - River Basin Basin Prep,Low,2026-09-03 20:51:47,45.0,55.2,42.8,23,0.49,Sunny,Beginner,4.0,Completed
T1384,Compaction,WHE014,OP049,Site Alpha - Sector 1 Quarry,Low,2026-09-03 21:33:47,50.0,60.0,57.4,26,2.42,Sunny,Beginner,3.6,Completed
T1385,Material Loading,COM024,OP079,Site Delta - Highway Interchange,High,2026-09-03 22:15:47,45.0,47.6,52.4,15,3.85,Cloudy,Expert,10.9,Completed
T1386,Trenching,COM036,OP034,Site Alpha - Sector 1 Quarry,Medium,2026-09-03 22:57:47,75.0,77.5,83.4,23,1.23,Sunny,Intermediate,4.3,Completed
T1387,Material Loading,EXC031,OP079,Site Delta - Highway Interchange,High,2026-09-03 23:39:47,45.0,39.6,40.3,8,1.61,Sunny,Expert,2.5,Completed
T1388,Material Loading,COM012,OP064,Site Alpha - Sector 4 Foundation,Critical,2026-09-04 00:21:47,45.0,53.7,51.4,23,1.8,Sunny,Beginner,1.6,Completed
T1389,Trenching,DOZ027,OP090,Site Gamma - River Basin Basin Prep,High,2026-09-04 01:03:47,75.0,74.2,72.9,20,2.59,Cloudy,Expert,4.3,Completed
T1390,Material Loading,WHE026,OP036,Site Gamma - River Basin Basin Prep,Critical,2026-09-04 01:45:47,45.0,52.7,60.9,13,2.5,Sunny,Beginner,1.5,Completed
T1391,Trenching,EXC037,OP017,Site Beta - North Overpass,Medium,2026-09-04 02:27:47,75.0,114.4,124.8,24,1.84,Rainy,Beginner,6.0,Completed
T1392,Hauling,EXC007,OP093,Site Alpha - Sector 4 Foundation,High,2026-09-04 03:09:47,40.0,48.4,48.9,9,0.48,Sunny,Beginner,3.2,Completed
T1393,Hauling,GRA016,OP072,Site Delta - Highway Interchange,Critical,2026-09-04 03:51:47,40.0,46.9,41.4,28,0.65,Cloudy,Intermediate,3.2,Completed
T1394,Hauling,EXC025,OP026,Site Beta - North Overpass,Medium,2026-09-04 04:33:47,40.0,45.8,43.1,19,2.21,Sunny,Intermediate,9.2,Completed
T1395,Hauling,COM048,OP020,Site Delta - Highway Interchange,Critical,2026-09-04 05:15:47,40.0,38.9,39.2,15,3.61,Cloudy,Expert,3.9,Completed
T1396,Hauling,EXC001,OP023,Site Alpha - Sector 4 Foundation,Critical,2026-09-04 05:57:47,40.0,62.7,55.6,15,2.72,Rainy,Beginner,2.4,Completed
T1397,Grading,DOZ009,OP081,Site Beta - East Trenching Zone,High,2026-09-04 06:39:47,90.0,116.7,107.8,20,1.32,Rainy,Intermediate,2.8,Completed
T1398,Hauling,WHE032,OP039,Site Beta - East Trenching Zone,High,2026-09-04 07:21:47,40.0,36.3,38.8,22,1.93,Windy,Expert,0.7,Completed
T1399,Demolition,EXC037,OP007,Site Beta - North Overpass,Critical,2026-09-04 08:03:47,110.0,142.4,122.1,8,4.15,Sunny,Beginner,6.0,Completed
T1400,Earth Excavation,DOZ045,OP021,Site Gamma - River Basin Basin Prep,Low,2026-09-04 08:45:47,60.0,61.7,59.9,13,3.26,Sunny,Intermediate,4.0,Completed
T1401,Trenching,DUM017,OP061,Site Alpha - Sector 1 Quarry,Low,2026-09-04 09:27:47,75.0,76.2,72.4,9,1.12,Sunny,Intermediate,1.7,Completed
T1402,Grading,COM048,OP043,Site Delta - Highway Interchange,High,2026-09-04 10:09:47,90.0,87.2,85.6,16,0.61,Cloudy,Expert,3.9,Completed
T1403,Material Loading,COM024,OP072,Site Delta - Highway Interchange,High,2026-09-04 10:51:47,45.0,53.8,54.9,9,4.14,Sunny,Intermediate,10.9,Completed
T1404,Material Loading,WHE002,OP053,Site Alpha - Sector 1 Quarry,Low,2026-09-04 11:33:47,45.0,57.7,57.1,21,3.02,Cloudy,Beginner,1.1,Completed
T1405,Material Loading,WHE044,OP078,Site Alpha - Sector 4 Foundation,Medium,2026-09-04 12:15:47,45.0,80.4,85.9,9,1.2,Storm,Beginner,1.2,Completed
T1406,Demolition,EXC037,OP084,Site Beta - North Overpass,Medium,2026-09-04 12:57:47,110.0,139.6,154.7,12,3.08,Sunny,Beginner,6.0,Completed
T1407,Hauling,EXC019,OP046,Site Gamma - River Basin Basin Prep,High,2026-09-04 13:39:47,40.0,36.2,33.8,21,1.07,Sunny,Expert,4.5,Completed
T1408,Compaction,DOZ033,OP063,Site Beta - East Trenching Zone,Critical,2026-09-04 14:21:47,50.0,60.7,57.7,13,2.9,Sunny,Beginner,3.2,Completed
T1409,Earth Excavation,EXC025,OP079,Site Beta - North Overpass,High,2026-09-04 15:03:47,60.0,74.6,74.7,15,1.9,Rainy,Expert,9.2,Completed
T1410,Grading,DUM041,OP019,Site Alpha - Sector 4 Foundation,Medium,2026-09-04 15:45:47,90.0,114.3,123.1,20,3.94,Windy,Beginner,3.2,Completed
T1411,Compaction,GRA022,OP054,Site Alpha - Sector 4 Foundation,Critical,2026-09-04 16:27:47,50.0,55.6,53.2,9,2.72,Sunny,Beginner,0.8,Completed
T1412,Hauling,DUM005,OP011,Site Beta - North Overpass,Medium,2026-09-04 17:09:47,40.0,56.3,61.3,12,1.28,Cloudy,Beginner,10.8,Completed
T1413,Material Loading,DOZ015,OP041,Site Delta - Highway Interchange,High,2026-09-04 17:51:47,45.0,41.7,40.4,16,3.08,Sunny,Expert,2.7,Completed
T1414,Compaction,EXC019,OP091,Site Gamma - River Basin Basin Prep,High,2026-09-04 18:33:47,50.0,50.8,53.1,29,0.67,Sunny,Intermediate,4.5,Completed
T1415,Demolition,COM042,OP051,Site Alpha - Sector 1 Quarry,High,2026-09-04 19:15:47,110.0,131.5,134.1,27,1.09,Sunny,Beginner,0.7,Completed
T1416,Grading,WHE050,OP047,Site Alpha - Sector 1 Quarry,Critical,2026-09-04 19:57:47,90.0,103.5,104.1,15,1.76,Cloudy,Intermediate,5.4,Completed
T1417,Grading,DUM011,OP024,Site Delta - Highway Interchange,Low,2026-09-04 20:39:47,90.0,78.0,87.2,18,2.91,Cloudy,Expert,0.6,Completed
T1418,Trenching,DUM047,OP031,Site Delta - Highway Interchange,High,2026-09-04 21:21:47,75.0,108.5,124.6,25,2.5,Rainy,Intermediate,10.4,Completed
T1419,Compaction,DOZ045,OP096,Site Gamma - River Basin Basin Prep,Low,2026-09-04 22:03:47,50.0,44.8,47.9,11,2.35,Cloudy,Expert,4.0,Completed
T1420,Trenching,DUM011,OP051,Site Delta - Highway Interchange,Low,2026-09-04 22:45:47,75.0,86.2,82.9,24,1.93,Sunny,Beginner,0.6,Completed
T1421,Earth Excavation,DUM005,OP061,Site Beta - North Overpass,Low,2026-09-04 23:27:47,60.0,68.0,78.4,19,3.37,Sunny,Intermediate,10.8,Completed
T1422,Earth Excavation,WHE050,OP051,Site Alpha - Sector 1 Quarry,Low,2026-09-05 00:09:47,60.0,74.1,84.5,24,2.05,Sunny,Beginner,5.4,Completed
T1423,Earth Excavation,DUM017,OP080,Site Alpha - Sector 1 Quarry,Medium,2026-09-05 00:51:47,60.0,75.0,76.2,21,0.7,Rainy,Intermediate,1.7,Completed
T1424,Earth Excavation,COM042,OP050,Site Alpha - Sector 1 Quarry,High,2026-09-05 01:33:47,60.0,58.5,55.1,26,0.86,Sunny,Intermediate,0.7,Completed
T1425,Trenching,GRA016,OP095,Site Delta - Highway Interchange,High,2026-09-05 02:15:47,75.0,111.7,102.0,9,2.71,Rainy,Beginner,3.2,Completed
T1426,Grading,DUM041,OP017,Site Alpha - Sector 4 Foundation,Medium,2026-09-05 02:57:47,90.0,118.3,119.9,29,2.7,Windy,Beginner,3.2,Completed
T1427,Demolition,DUM011,OP004,Site Delta - Highway Interchange,Low,2026-09-05 03:39:47,110.0,128.7,119.7,29,3.87,Sunny,Beginner,0.6,Completed
T1428,Compaction,DUM023,OP042,Site Gamma - River Basin Basin Prep,Critical,2026-09-05 04:21:47,50.0,59.1,55.4,15,2.16,Sunny,Beginner,4.9,Completed
T1429,Grading,DUM035,OP035,Site Beta - North Overpass,Critical,2026-09-05 05:03:47,90.0,113.3,116.9,29,2.03,Cloudy,Beginner,3.2,Completed
T1430,Trenching,DOZ045,OP070,Site Gamma - River Basin Basin Prep,Medium,2026-09-05 05:45:47,75.0,95.1,98.6,17,1.66,Cloudy,Beginner,4.0,Completed
T1431,Demolition,DOZ039,OP059,Site Alpha - Sector 1 Quarry,Critical,2026-09-05 06:27:47,110.0,147.5,137.2,21,1.22,Windy,Beginner,1.5,Completed
T1432,Demolition,DUM041,OP082,Site Alpha - Sector 4 Foundation,High,2026-09-05 07:09:47,110.0,102.5,104.9,14,3.78,Cloudy,Expert,3.2,Completed
T1433,Material Loading,EXC031,OP070,Site Delta - Highway Interchange,Medium,2026-09-05 07:51:47,45.0,53.6,50.4,9,1.49,Sunny,Beginner,2.5,Completed
T1434,Hauling,COM006,OP057,Site Beta - North Overpass,High,2026-09-05 08:33:47,40.0,43.6,42.0,14,3.35,Cloudy,Intermediate,4.5,Completed
T1435,Material Loading,DOZ027,OP034,Site Gamma - River Basin Basin Prep,Medium,2026-09-05 09:15:47,45.0,59.0,52.3,20,1.79,Rainy,Intermediate,4.3,Completed
T1436,Material Loading,EXC001,OP001,Site Alpha - Sector 4 Foundation,Medium,2026-09-05 09:57:47,45.0,43.9,44.7,20,0.97,Windy,Expert,2.4,Completed
T1437,Material Loading,EXC019,OP061,Site Gamma - River Basin Basin Prep,Low,2026-09-05 10:39:47,45.0,47.5,49.8,28,1.95,Sunny,Intermediate,4.5,Completed
T1438,Compaction,WHE032,OP097,Site Beta - East Trenching Zone,Critical,2026-09-05 11:21:47,50.0,45.9,52.1,27,1.58,Sunny,Intermediate,0.7,Completed
T1439,Material Loading,EXC001,OP099,Site Alpha - Sector 4 Foundation,Critical,2026-09-05 12:03:47,45.0,57.0,57.1,10,0.91,Windy,Beginner,2.4,Completed
T1440,Hauling,EXC019,OP077,Site Gamma - River Basin Basin Prep,Medium,2026-09-05 12:45:47,40.0,45.5,48.9,20,3.73,Rainy,Expert,4.5,Completed
T1441,Hauling,EXC001,OP071,Site Alpha - Sector 4 Foundation,High,2026-09-05 13:27:47,40.0,59.5,53.2,19,2.61,Rainy,Beginner,2.4,Completed
T1442,Trenching,DOZ027,OP072,Site Gamma - River Basin Basin Prep,Critical,2026-09-05 14:09:47,75.0,83.9,81.0,19,4.44,Cloudy,Intermediate,4.3,Completed
T1443,Grading,GRA016,OP021,Site Delta - Highway Interchange,Critical,2026-09-05 14:51:47,90.0,97.4,97.6,20,4.34,Cloudy,Intermediate,3.2,Completed
T1444,Hauling,EXC025,OP029,Site Beta - North Overpass,High,2026-09-05 15:33:47,40.0,42.1,46.5,27,1.42,Cloudy,Expert,9.2,Completed
T1445,Earth Excavation,GRA028,OP081,Site Gamma - River Basin Basin Prep,Medium,2026-09-05 16:15:47,60.0,67.0,73.6,17,3.58,Cloudy,Intermediate,4.8,Completed
T1446,Demolition,EXC049,OP079,Site Alpha - Sector 4 Foundation,High,2026-09-05 16:57:47,110.0,107.7,120.0,25,4.25,Sunny,Expert,6.5,Completed
T1447,Material Loading,COM042,OP096,Site Alpha - Sector 1 Quarry,High,2026-09-05 17:39:47,45.0,37.3,34.5,28,3.41,Sunny,Expert,0.7,Completed
T1448,Grading,EXC013,OP009,Site Beta - East Trenching Zone,Medium,2026-09-05 18:21:47,90.0,118.6,107.1,9,2.63,Sunny,Beginner,3.2,Completed
T1449,Trenching,EXC019,OP015,Site Gamma - River Basin Basin Prep,Critical,2026-09-05 19:03:47,75.0,75.4,83.5,8,3.03,Sunny,Intermediate,4.5,Completed
T1450,Demolition,DUM029,OP035,Site Beta - North Overpass,Critical,2026-09-05 19:45:47,110.0,127.6,119.8,24,1.38,Sunny,Beginner,1.0,Completed
T1451,Trenching,DOZ021,OP003,Site Gamma - River Basin Basin Prep,Medium,2026-09-05 20:27:47,75.0,111.9,109.3,21,1.91,Rainy,Beginner,1.4,Completed
T1452,Earth Excavation,DUM035,OP003,Site Beta - North Overpass,Medium,2026-09-05 21:09:47,60.0,72.2,70.3,28,1.49,Sunny,Beginner,3.2,Completed
T1453,Earth Excavation,EXC019,OP035,Site Gamma - River Basin Basin Prep,Medium,2026-09-05 21:51:47,60.0,80.1,78.8,24,1.52,Windy,Beginner,4.5,Completed
T1454,Compaction,DUM029,OP094,Site Beta - North Overpass,Low,2026-09-05 22:33:47,50.0,53.4,52.8,15,0.44,Windy,Intermediate,1.0,Completed
T1455,Trenching,COM006,OP020,Site Beta - North Overpass,Low,2026-09-05 23:15:47,75.0,75.9,75.0,16,3.36,Cloudy,Expert,4.5,Completed
T1456,Grading,WHE014,OP044,Site Alpha - Sector 1 Quarry,Critical,2026-09-05 23:57:47,90.0,106.9,103.8,14,0.92,Rainy,Expert,3.6,Completed
T1457,Material Loading,WHE032,OP048,Site Beta - East Trenching Zone,Critical,2026-09-06 00:39:47,45.0,52.7,54.9,21,2.45,Sunny,Beginner,0.7,Completed
T1458,Compaction,DOZ003,OP043,Site Alpha - Sector 4 Foundation,Low,2026-09-06 01:21:47,50.0,48.5,49.6,12,2.67,Cloudy,Expert,2.4,Completed
T1459,Hauling,EXC049,OP019,Site Alpha - Sector 4 Foundation,Low,2026-09-06 02:03:47,40.0,49.9,51.8,10,4.13,Sunny,Beginner,6.5,Completed
T1460,Material Loading,WHE050,OP051,Site Alpha - Sector 1 Quarry,Low,2026-09-06 02:45:47,45.0,60.1,58.3,11,4.09,Cloudy,Beginner,5.4,Completed
T1461,Demolition,EXC031,OP024,Site Delta - Highway Interchange,Medium,2026-09-06 03:27:47,110.0,126.7,118.2,19,1.45,Rainy,Expert,2.5,Completed
T1462,Hauling,DUM017,OP049,Site Alpha - Sector 1 Quarry,Low,2026-09-06 04:09:47,40.0,48.5,42.6,18,1.03,Sunny,Beginner,1.7,Completed
T1463,Earth Excavation,WHE050,OP092,Site Alpha - Sector 1 Quarry,Medium,2026-09-06 04:51:47,60.0,77.7,80.2,19,1.77,Sunny,Beginner,5.4,Completed
T1464,Grading,WHE050,OP057,Site Alpha - Sector 1 Quarry,Medium,2026-09-06 05:33:47,90.0,105.0,97.2,28,1.37,Windy,Intermediate,5.4,Completed
T1465,Compaction,DOZ003,OP026,Site Alpha - Sector 4 Foundation,Critical,2026-09-06 06:15:47,50.0,49.7,50.7,21,1.66,Sunny,Intermediate,2.4,Completed
T1466,Compaction,WHE050,OP013,Site Alpha - Sector 1 Quarry,Medium,2026-09-06 06:57:47,50.0,48.6,44.8,22,3.71,Sunny,Expert,5.4,Completed
T1467,Grading,EXC025,OP088,Site Beta - North Overpass,High,2026-09-06 07:39:47,90.0,140.4,158.7,15,0.93,Storm,Intermediate,9.2,Completed
T1468,Material Loading,DUM011,OP081,Site Delta - Highway Interchange,Low,2026-09-06 08:21:47,45.0,46.5,47.5,22,1.13,Cloudy,Intermediate,0.6,Completed
T1469,Compaction,COM036,OP067,Site Alpha - Sector 1 Quarry,Low,2026-09-06 09:03:47,50.0,52.5,51.0,12,1.0,Cloudy,Intermediate,4.3,Completed
T1470,Material Loading,EXC031,OP082,Site Delta - Highway Interchange,High,2026-09-06 09:45:47,45.0,43.1,39.3,23,1.96,Cloudy,Expert,2.5,Completed
T1471,Trenching,COM024,OP007,Site Delta - Highway Interchange,Medium,2026-09-06 10:27:47,75.0,101.1,102.5,24,0.5,Sunny,Beginner,10.9,Completed
T1472,Earth Excavation,GRA016,OP082,Site Delta - Highway Interchange,Critical,2026-09-06 11:09:47,60.0,71.8,73.6,23,3.74,Rainy,Expert,3.2,Completed
T1473,Material Loading,EXC001,OP022,Site Alpha - Sector 4 Foundation,High,2026-09-06 11:51:47,45.0,42.1,41.4,11,3.66,Cloudy,Expert,2.4,Completed
T1474,Demolition,WHE008,OP051,Site Alpha - Sector 1 Quarry,Medium,2026-09-06 12:33:47,110.0,144.4,144.0,23,4.29,Cloudy,Beginner,6.4,Completed
T1475,Earth Excavation,DOZ003,OP075,Site Alpha - Sector 4 Foundation,Critical,2026-09-06 13:15:47,60.0,61.6,64.9,15,0.66,Cloudy,Intermediate,2.4,Completed
T1476,Compaction,DOZ039,OP020,Site Alpha - Sector 1 Quarry,High,2026-09-06 13:57:47,50.0,44.2,41.8,29,1.08,Cloudy,Expert,1.5,Completed
T1477,Hauling,COM006,OP032,Site Beta - North Overpass,Medium,2026-09-06 14:39:47,40.0,42.9,42.4,18,2.68,Sunny,Intermediate,4.5,Completed
T1478,Grading,COM006,OP088,Site Beta - North Overpass,High,2026-09-06 15:21:47,90.0,95.9,90.5,24,4.28,Cloudy,Intermediate,4.5,Completed
T1479,Hauling,DUM041,OP008,Site Alpha - Sector 4 Foundation,Low,2026-09-06 16:03:47,40.0,37.1,34.6,23,2.93,Cloudy,Expert,3.2,Completed
T1480,Material Loading,COM042,OP020,Site Alpha - Sector 1 Quarry,Low,2026-09-06 16:45:47,45.0,46.8,45.6,13,3.86,Rainy,Expert,0.7,Completed
T1481,Trenching,WHE032,OP030,Site Beta - East Trenching Zone,High,2026-09-06 17:27:47,75.0,81.8,82.7,12,1.27,Rainy,Expert,0.7,Completed
T1482,Demolition,COM042,OP097,Site Alpha - Sector 1 Quarry,High,2026-09-06 18:09:47,110.0,108.2,111.5,21,1.81,Sunny,Intermediate,0.7,Completed
T1483,Hauling,DUM029,OP094,Site Beta - North Overpass,Medium,2026-09-06 18:51:47,40.0,41.9,41.7,10,0.64,Cloudy,Intermediate,1.0,Completed
T1484,Earth Excavation,DOZ045,OP049,Site Gamma - River Basin Basin Prep,High,2026-09-06 19:33:47,60.0,91.8,96.8,23,2.7,Rainy,Beginner,4.0,Completed
T1485,Compaction,DOZ009,OP033,Site Beta - East Trenching Zone,Low,2026-09-06 20:15:47,50.0,51.2,49.7,28,3.63,Sunny,Intermediate,2.8,Completed
T1486,Grading,GRA046,OP057,Site Gamma - River Basin Basin Prep,High,2026-09-06 20:57:47,90.0,107.8,111.9,24,1.17,Rainy,Intermediate,0.6,Completed
T1487,Demolition,DOZ045,OP063,Site Gamma - River Basin Basin Prep,Medium,2026-09-06 21:39:47,110.0,151.8,143.3,26,3.69,Windy,Beginner,4.0,Completed
T1488,Demolition,COM012,OP070,Site Alpha - Sector 4 Foundation,High,2026-09-06 22:21:47,110.0,140.1,133.6,23,2.99,Cloudy,Beginner,1.6,Completed
T1489,Material Loading,DUM047,OP060,Site Delta - Highway Interchange,High,2026-09-06 23:03:47,45.0,55.5,53.1,26,2.08,Cloudy,Intermediate,10.4,Completed
T1490,Hauling,DOZ039,OP071,Site Alpha - Sector 1 Quarry,Medium,2026-09-06 23:45:47,40.0,43.5,48.4,16,2.77,Sunny,Beginner,1.5,Completed
T1491,Earth Excavation,GRA034,OP020,Site Alpha - Sector 4 Foundation,Critical,2026-09-07 00:27:47,60.0,67.9,60.6,15,3.73,Rainy,Expert,0.8,Completed
T1492,Material Loading,DUM017,OP070,Site Alpha - Sector 1 Quarry,High,2026-09-07 01:09:47,45.0,51.5,53.5,12,3.35,Sunny,Beginner,1.7,Completed
T1493,Grading,EXC001,OP100,Site Alpha - Sector 4 Foundation,Critical,2026-09-07 01:51:47,90.0,106.8,104.1,29,2.29,Sunny,Beginner,2.4,Completed
T1494,Compaction,COM012,OP003,Site Alpha - Sector 4 Foundation,High,2026-09-07 02:33:47,50.0,59.9,57.7,10,2.7,Cloudy,Beginner,1.6,Completed
T1495,Hauling,GRA040,OP031,Site Gamma - River Basin Basin Prep,High,2026-09-07 03:15:47,40.0,37.7,39.5,24,2.59,Sunny,Intermediate,1.3,Completed
T1496,Compaction,DUM005,OP085,Site Beta - North Overpass,Critical,2026-09-07 03:57:47,50.0,56.6,58.1,27,3.49,Sunny,Intermediate,10.8,Completed
T1497,Trenching,GRA034,OP088,Site Alpha - Sector 4 Foundation,Critical,2026-09-07 04:39:47,75.0,72.7,74.0,10,3.56,Sunny,Intermediate,0.8,Completed
T1498,Hauling,COM036,OP020,Site Alpha - Sector 1 Quarry,High,2026-09-07 05:21:47,40.0,39.0,38.8,14,2.93,Sunny,Expert,4.3,Completed
T1499,Material Loading,DOZ027,OP083,Site Gamma - River Basin Basin Prep,High,2026-09-07 06:03:47,45.0,53.8,57.3,12,3.77,Sunny,Beginner,4.3,Completed
T1500,Earth Excavation,EXC007,OP067,Site Alpha - Sector 4 Foundation,Low,2026-09-07 06:45:47,60.0,62.5,67.7,24,1.48,Sunny,Intermediate,3.2,Completed
T1501,Earth Excavation,DOZ009,OP023,Site Beta - East Trenching Zone,Low,2026-09-07 07:27:47,60.0,68.9,69.1,29,3.33,Sunny,Beginner,2.8,Completed
T1502,Trenching,EXC007,OP063,Site Alpha - Sector 4 Foundation,Medium,2026-09-07 08:09:47,75.0,94.7,88.1,22,2.87,Cloudy,Beginner,3.2,Completed
T1503,Earth Excavation,DOZ003,OP074,Site Alpha - Sector 4 Foundation,Critical,2026-09-07 08:51:47,60.0,57.3,58.6,11,4.04,Sunny,Intermediate,2.4,Completed
T1504,Compaction,WHE032,OP068,Site Beta - East Trenching Zone,High,2026-09-07 09:33:47,50.0,58.9,58.7,17,1.96,Sunny,Beginner,0.7,Completed
T1505,Earth Excavation,COM024,OP029,Site Delta - Highway Interchange,Low,2026-09-07 10:15:47,60.0,58.2,54.4,17,3.11,Sunny,Expert,10.9,Completed
T1506,Earth Excavation,WHE014,OP084,Site Alpha - Sector 1 Quarry,Critical,2026-09-07 10:57:47,60.0,76.3,65.7,24,4.31,Cloudy,Beginner,3.6,Completed
T1507,Hauling,COM006,OP060,Site Beta - North Overpass,Low,2026-09-07 11:39:47,40.0,42.4,42.3,15,0.9,Cloudy,Intermediate,4.5,Completed
T1508,Material Loading,COM036,OP096,Site Alpha - Sector 1 Quarry,Critical,2026-09-07 12:21:47,45.0,43.8,42.1,12,4.41,Cloudy,Expert,4.3,Completed
T1509,Hauling,COM024,OP091,Site Delta - Highway Interchange,Low,2026-09-07 13:03:47,40.0,47.2,45.6,22,3.15,Sunny,Intermediate,10.9,Completed
T1510,Hauling,GRA040,OP035,Site Gamma - River Basin Basin Prep,Low,2026-09-07 13:45:47,40.0,45.4,45.8,21,1.16,Sunny,Beginner,1.3,Completed
T1511,Compaction,DUM005,OP039,Site Beta - North Overpass,Low,2026-09-07 14:27:47,50.0,51.8,55.1,22,1.83,Cloudy,Expert,10.8,Completed
T1512,Trenching,GRA034,OP013,Site Alpha - Sector 4 Foundation,Low,2026-09-07 15:09:47,75.0,65.5,66.8,14,1.26,Cloudy,Expert,0.8,Completed
T1513,Compaction,DOZ015,OP069,Site Delta - Highway Interchange,Critical,2026-09-07 15:51:47,50.0,53.3,52.8,25,4.3,Cloudy,Intermediate,2.7,Completed
T1514,Trenching,EXC013,OP068,Site Beta - East Trenching Zone,Medium,2026-09-07 16:33:47,75.0,139.8,124.0,22,0.76,Storm,Beginner,3.2,Completed
T1515,Demolition,DUM041,OP023,Site Alpha - Sector 4 Foundation,Critical,2026-09-07 17:15:47,110.0,130.7,134.3,18,2.58,Sunny,Beginner,3.2,Completed
T1516,Compaction,EXC007,OP099,Site Alpha - Sector 4 Foundation,High,2026-09-07 17:57:47,50.0,64.4,57.7,18,1.4,Cloudy,Beginner,3.2,Completed
T1517,Compaction,COM030,OP090,Site Beta - East Trenching Zone,Critical,2026-09-07 18:39:47,50.0,45.2,46.6,27,1.72,Sunny,Expert,3.2,Completed
T1518,Earth Excavation,DUM011,OP024,Site Delta - Highway Interchange,Critical,2026-09-07 19:21:47,60.0,53.4,54.7,28,1.89,Cloudy,Expert,0.6,Completed
T1519,Demolition,GRA022,OP085,Site Alpha - Sector 4 Foundation,Medium,2026-09-07 20:03:47,110.0,109.2,106.1,9,0.72,Sunny,Intermediate,0.8,Completed
T1520,Demolition,DOZ039,OP057,Site Alpha - Sector 1 Quarry,High,2026-09-07 20:45:47,110.0,142.4,151.8,23,0.49,Rainy,Intermediate,1.5,Completed
T1521,Material Loading,COM036,OP042,Site Alpha - Sector 1 Quarry,High,2026-09-07 21:27:47,45.0,55.8,55.8,23,2.83,Cloudy,Beginner,4.3,Completed
T1522,Grading,EXC049,OP082,Site Alpha - Sector 4 Foundation,Critical,2026-09-07 22:09:47,90.0,84.6,85.3,19,1.05,Sunny,Expert,6.5,Completed
T1523,Hauling,DUM047,OP042,Site Delta - Highway Interchange,Medium,2026-09-07 22:51:47,40.0,53.8,55.7,17,3.79,Sunny,Beginner,10.4,Completed
T1524,Demolition,DUM035,OP028,Site Beta - North Overpass,Critical,2026-09-07 23:33:47,110.0,134.5,141.0,25,3.01,Sunny,Beginner,3.2,Completed
T1525,Hauling,COM036,OP096,Site Alpha - Sector 1 Quarry,High,2026-09-08 00:15:47,40.0,37.0,39.3,17,3.26,Sunny,Expert,4.3,Completed
T1526,Material Loading,DUM029,OP058,Site Beta - North Overpass,Critical,2026-09-08 00:57:47,45.0,42.5,40.0,19,2.59,Sunny,Intermediate,1.0,Completed
T1527,Earth Excavation,DUM047,OP005,Site Delta - Highway Interchange,High,2026-09-08 01:39:47,60.0,88.6,83.7,11,2.43,Cloudy,Beginner,10.4,Completed
T1528,Demolition,WHE002,OP067,Site Alpha - Sector 1 Quarry,Medium,2026-09-08 02:21:47,110.0,112.3,101.0,9,1.25,Sunny,Intermediate,1.1,Completed
T1529,Material Loading,EXC001,OP039,Site Alpha - Sector 4 Foundation,Medium,2026-09-08 03:03:47,45.0,41.7,44.9,22,3.45,Windy,Expert,2.4,Completed
T1530,Trenching,DOZ021,OP003,Site Gamma - River Basin Basin Prep,High,2026-09-08 03:45:47,75.0,87.0,83.6,28,1.03,Sunny,Beginner,1.4,Completed
T1531,Demolition,DOZ033,OP072,Site Beta - East Trenching Zone,Medium,2026-09-08 04:27:47,110.0,122.2,117.4,11,1.86,Cloudy,Intermediate,3.2,Completed
T1532,Earth Excavation,DOZ003,OP059,Site Alpha - Sector 4 Foundation,High,2026-09-08 05:09:47,60.0,72.2,67.9,23,3.38,Sunny,Beginner,2.4,Completed
T1533,Trenching,DOZ009,OP034,Site Beta - East Trenching Zone,High,2026-09-08 05:51:47,75.0,92.5,93.4,28,1.81,Rainy,Intermediate,2.8,Completed
T1534,Demolition,GRA016,OP030,Site Delta - Highway Interchange,High,2026-09-08 06:33:47,110.0,94.3,98.5,14,3.63,Sunny,Expert,3.2,Completed
T1535,Hauling,WHE020,OP012,Site Alpha - Sector 4 Foundation,Critical,2026-09-08 07:15:47,40.0,36.1,32.9,22,3.74,Sunny,Expert,3.4,Completed
T1536,Demolition,WHE014,OP094,Site Alpha - Sector 1 Quarry,Low,2026-09-08 07:57:47,110.0,116.8,116.3,24,2.32,Windy,Intermediate,3.6,Completed
T1537,Compaction,DOZ021,OP062,Site Gamma - River Basin Basin Prep,Medium,2026-09-08 08:39:47,50.0,74.9,76.3,9,3.93,Storm,Intermediate,1.4,Completed
T1538,Grading,DOZ045,OP090,Site Gamma - River Basin Basin Prep,Low,2026-09-08 09:21:47,90.0,85.8,89.4,14,2.13,Windy,Expert,4.0,Completed
T1539,Demolition,COM042,OP039,Site Alpha - Sector 1 Quarry,Low,2026-09-08 10:03:47,110.0,113.7,126.6,12,1.98,Rainy,Expert,0.7,Completed
T1540,Compaction,EXC037,OP049,Site Beta - North Overpass,Low,2026-09-08 10:45:47,50.0,78.6,83.0,11,1.98,Rainy,Beginner,6.0,Completed
T1541,Hauling,GRA004,OP099,Site Beta - North Overpass,High,2026-09-08 11:27:47,40.0,48.8,52.3,18,4.14,Sunny,Beginner,4.9,Completed
T1542,Material Loading,GRA028,OP054,Site Gamma - River Basin Basin Prep,Low,2026-09-08 12:09:47,45.0,70.1,70.9,17,2.19,Rainy,Beginner,4.8,Completed
T1543,Hauling,WHE050,OP030,Site Alpha - Sector 1 Quarry,Low,2026-09-08 12:51:47,40.0,39.0,36.1,17,0.78,Cloudy,Expert,5.4,Completed
T1544,Compaction,WHE050,OP081,Site Alpha - Sector 1 Quarry,Critical,2026-09-08 13:33:47,50.0,53.8,49.0,10,2.58,Sunny,Intermediate,5.4,Completed
T1545,Earth Excavation,WHE020,OP068,Site Alpha - Sector 4 Foundation,Low,2026-09-08 14:15:47,60.0,72.1,80.9,15,4.31,Sunny,Beginner,3.4,Completed
T1546,Material Loading,DUM035,OP073,Site Beta - North Overpass,Medium,2026-09-08 14:57:47,45.0,49.6,53.0,22,4.27,Rainy,Expert,3.2,Completed
T1547,Material Loading,DOZ033,OP090,Site Beta - East Trenching Zone,Medium,2026-09-08 15:39:47,45.0,45.9,43.7,28,2.04,Windy,Expert,3.2,Completed
T1548,Trenching,GRA004,OP087,Site Beta - North Overpass,Critical,2026-09-08 16:21:47,75.0,84.1,87.1,24,3.45,Cloudy,Intermediate,4.9,Completed
T1549,Grading,EXC049,OP077,Site Alpha - Sector 4 Foundation,Low,2026-09-08 17:03:47,90.0,94.5,84.4,20,3.21,Cloudy,Expert,6.5,Completed
T1550,Trenching,GRA028,OP038,Site Gamma - River Basin Basin Prep,Critical,2026-09-08 17:45:47,75.0,77.1,79.0,9,4.29,Sunny,Intermediate,4.8,Completed
T1551,Trenching,DOZ009,OP044,Site Beta - East Trenching Zone,Low,2026-09-08 18:27:47,75.0,65.8,70.7,20,0.5,Sunny,Expert,2.8,Completed
T1552,Grading,EXC037,OP096,Site Beta - North Overpass,Low,2026-09-08 19:09:47,90.0,87.8,85.7,25,2.09,Cloudy,Expert,6.0,Completed
T1553,Demolition,WHE026,OP034,Site Gamma - River Basin Basin Prep,Low,2026-09-08 19:51:47,110.0,106.0,123.6,22,3.87,Cloudy,Intermediate,1.5,Completed
T1554,Grading,DOZ033,OP056,Site Beta - East Trenching Zone,Medium,2026-09-08 20:33:47,90.0,90.7,84.7,11,0.87,Sunny,Intermediate,3.2,Completed
T1555,Hauling,DOZ009,OP062,Site Beta - East Trenching Zone,Medium,2026-09-08 21:15:47,40.0,41.9,39.2,27,3.33,Sunny,Intermediate,2.8,Completed
T1556,Grading,WHE026,OP084,Site Gamma - River Basin Basin Prep,Medium,2026-09-08 21:57:47,90.0,108.5,105.0,21,4.26,Sunny,Beginner,1.5,Completed
T1557,Demolition,GRA040,OP095,Site Gamma - River Basin Basin Prep,Medium,2026-09-08 22:39:47,110.0,125.0,121.4,29,3.92,Sunny,Beginner,1.3,Completed
T1558,Trenching,DUM005,OP035,Site Beta - North Overpass,Critical,2026-09-08 23:21:47,75.0,108.1,105.7,12,0.47,Cloudy,Beginner,10.8,Completed
T1559,Material Loading,WHE044,OP074,Site Alpha - Sector 4 Foundation,Low,2026-09-09 00:03:47,45.0,45.6,51.1,19,3.56,Cloudy,Intermediate,1.2,Completed
T1560,Earth Excavation,EXC043,OP053,Site Beta - East Trenching Zone,Critical,2026-09-09 00:45:47,60.0,73.2,80.8,21,1.07,Windy,Beginner,1.8,Completed
T1561,Material Loading,DUM023,OP025,Site Gamma - River Basin Basin Prep,High,2026-09-09 01:27:47,45.0,48.5,50.6,23,0.92,Cloudy,Intermediate,4.9,Completed
T1562,Material Loading,DOZ039,OP084,Site Alpha - Sector 1 Quarry,Low,2026-09-09 02:09:47,45.0,56.2,60.0,12,3.46,Cloudy,Beginner,1.5,Completed
T1563,Hauling,WHE020,OP022,Site Alpha - Sector 4 Foundation,High,2026-09-09 02:51:47,40.0,37.0,37.1,10,3.02,Sunny,Expert,3.4,Completed
T1564,Demolition,DUM029,OP080,Site Beta - North Overpass,Medium,2026-09-09 03:33:47,110.0,112.2,115.2,17,1.83,Sunny,Intermediate,1.0,Completed
T1565,Grading,DOZ003,OP030,Site Alpha - Sector 4 Foundation,Medium,2026-09-09 04:15:47,90.0,98.3,101.1,19,1.82,Rainy,Expert,2.4,Completed
T1566,Compaction,COM024,OP020,Site Delta - Highway Interchange,Low,2026-09-09 04:57:47,50.0,56.6,56.0,11,4.44,Windy,Expert,10.9,Completed
T1567,Earth Excavation,COM048,OP007,Site Delta - Highway Interchange,Medium,2026-09-09 05:39:47,60.0,74.0,72.2,16,2.76,Sunny,Beginner,3.9,Completed
T1568,Demolition,GRA010,OP037,Site Beta - East Trenching Zone,Low,2026-09-09 06:21:47,110.0,131.4,137.2,13,3.5,Cloudy,Beginner,3.4,Completed
T1569,Material Loading,DOZ045,OP015,Site Gamma - River Basin Basin Prep,High,2026-09-09 07:03:47,45.0,58.6,64.1,9,1.12,Rainy,Intermediate,4.0,Completed
T1570,Grading,EXC031,OP003,Site Delta - Highway Interchange,High,2026-09-09 07:45:47,90.0,110.0,110.9,15,1.45,Cloudy,Beginner,2.5,Completed
T1571,Trenching,COM048,OP069,Site Delta - Highway Interchange,Medium,2026-09-09 08:27:47,75.0,78.0,79.4,12,2.01,Sunny,Intermediate,3.9,Completed
T1572,Trenching,DUM035,OP067,Site Beta - North Overpass,High,2026-09-09 09:09:47,75.0,80.0,78.5,27,3.1,Cloudy,Intermediate,3.2,Completed
T1573,Demolition,EXC031,OP080,Site Delta - Highway Interchange,Medium,2026-09-09 09:51:47,110.0,111.2,107.6,16,3.53,Sunny,Intermediate,2.5,Completed
T1574,Compaction,DOZ045,OP086,Site Gamma - River Basin Basin Prep,Low,2026-09-09 10:33:47,50.0,55.0,54.7,27,2.75,Cloudy,Intermediate,4.0,Completed
T1575,Grading,WHE038,OP085,Site Gamma - River Basin Basin Prep,Low,2026-09-09 11:15:47,90.0,96.8,86.7,11,1.37,Sunny,Intermediate,6.6,Completed
T1576,Material Loading,DUM011,OP008,Site Delta - Highway Interchange,High,2026-09-09 11:57:47,45.0,38.6,36.2,10,3.43,Sunny,Expert,0.6,Completed
T1577,Trenching,DOZ045,OP080,Site Gamma - River Basin Basin Prep,High,2026-09-09 12:39:47,75.0,97.7,102.8,15,0.74,Rainy,Intermediate,4.0,Completed
T1578,Earth Excavation,COM030,OP084,Site Beta - East Trenching Zone,Low,2026-09-09 13:21:47,60.0,76.7,84.0,10,2.46,Windy,Beginner,3.2,Completed
T1579,Earth Excavation,EXC025,OP085,Site Beta - North Overpass,High,2026-09-09 14:03:47,60.0,72.1,75.2,28,3.18,Windy,Intermediate,9.2,Completed
T1580,Compaction,EXC043,OP047,Site Beta - East Trenching Zone,Low,2026-09-09 14:45:47,50.0,52.8,49.4,25,2.76,Windy,Intermediate,1.8,Completed
T1581,Earth Excavation,EXC019,OP084,Site Gamma - River Basin Basin Prep,Critical,2026-09-09 15:27:47,60.0,75.1,72.8,22,4.07,Sunny,Beginner,4.5,Completed
T1582,Trenching,EXC025,OP066,Site Beta - North Overpass,Low,2026-09-09 16:09:47,75.0,95.1,90.5,23,3.92,Windy,Intermediate,9.2,Completed
T1583,Material Loading,WHE032,OP077,Site Beta - East Trenching Zone,Low,2026-09-09 16:51:47,45.0,38.8,42.5,24,0.75,Sunny,Expert,0.7,Completed
T1584,Trenching,EXC013,OP065,Site Beta - East Trenching Zone,Critical,2026-09-09 17:33:47,75.0,112.1,115.7,22,2.37,Rainy,Beginner,3.2,Completed
T1585,Demolition,GRA046,OP003,Site Gamma - River Basin Basin Prep,Low,2026-09-09 18:15:47,110.0,118.4,132.9,13,2.04,Sunny,Beginner,0.6,Completed
T1586,Trenching,GRA034,OP040,Site Alpha - Sector 4 Foundation,High,2026-09-09 18:57:47,75.0,75.5,70.1,14,0.42,Cloudy,Intermediate,0.8,Completed
T1587,Grading,WHE026,OP096,Site Gamma - River Basin Basin Prep,Medium,2026-09-09 19:39:47,90.0,96.8,103.5,15,3.55,Rainy,Expert,1.5,Completed
T1588,Earth Excavation,DUM023,OP088,Site Gamma - River Basin Basin Prep,High,2026-09-09 20:21:47,60.0,64.3,71.5,29,2.86,Cloudy,Intermediate,4.9,Completed
T1589,Material Loading,DUM041,OP039,Site Alpha - Sector 4 Foundation,Medium,2026-09-09 21:03:47,45.0,42.2,43.4,24,3.77,Cloudy,Expert,3.2,Completed
T1590,Demolition,COM018,OP008,Site Gamma - River Basin Basin Prep,High,2026-09-09 21:45:47,110.0,95.6,95.8,26,3.16,Sunny,Expert,1.2,Completed
T1591,Grading,WHE002,OP072,Site Alpha - Sector 1 Quarry,High,2026-09-09 22:27:47,90.0,90.8,93.5,23,3.34,Sunny,Intermediate,1.1,Completed
T1592,Trenching,GRA010,OP044,Site Beta - East Trenching Zone,Critical,2026-09-09 23:09:47,75.0,68.9,69.3,16,1.3,Sunny,Expert,3.4,Completed
T1593,Compaction,DOZ009,OP012,Site Beta - East Trenching Zone,Critical,2026-09-09 23:51:47,50.0,44.8,46.8,21,1.01,Sunny,Expert,2.8,Completed
T1594,Demolition,WHE044,OP079,Site Alpha - Sector 4 Foundation,Medium,2026-09-10 00:33:47,110.0,98.4,84.6,29,2.99,Sunny,Expert,1.2,Completed
T1595,Grading,GRA016,OP074,Site Delta - Highway Interchange,Medium,2026-09-10 01:15:47,90.0,98.0,86.4,23,0.8,Sunny,Intermediate,3.2,Completed
T1596,Grading,WHE020,OP078,Site Alpha - Sector 4 Foundation,High,2026-09-10 01:57:47,90.0,137.4,144.6,29,4.29,Rainy,Beginner,3.4,Completed
T1597,Grading,DUM035,OP017,Site Beta - North Overpass,Medium,2026-09-10 02:39:47,90.0,113.2,118.8,20,3.97,Sunny,Beginner,3.2,Completed
T1598,Compaction,DOZ009,OP075,Site Beta - East Trenching Zone,Medium,2026-09-10 03:21:47,50.0,54.5,57.1,10,2.77,Cloudy,Intermediate,2.8,Completed
T1599,Hauling,DOZ009,OP040,Site Beta - East Trenching Zone,Medium,2026-09-10 04:03:47,40.0,44.3,44.2,11,3.78,Windy,Intermediate,2.8,Completed
T1600,Grading,WHE050,OP019,Site Alpha - Sector 1 Quarry,Medium,2026-09-10 04:45:47,90.0,113.7,108.1,22,3.63,Sunny,Beginner,5.4,Completed
T1601,Material Loading,DUM005,OP072,Site Beta - North Overpass,Low,2026-09-10 05:27:47,45.0,68.7,61.7,21,4.25,Rainy,Intermediate,10.8,Completed
T1602,Trenching,DOZ021,OP019,Site Gamma - River Basin Basin Prep,Low,2026-09-10 06:09:47,75.0,89.6,87.0,28,0.95,Sunny,Beginner,1.4,Completed
T1603,Hauling,DOZ021,OP053,Site Gamma - River Basin Basin Prep,Critical,2026-09-10 06:51:47,40.0,47.8,46.5,26,1.99,Cloudy,Beginner,1.4,Completed
T1604,Material Loading,DUM029,OP096,Site Beta - North Overpass,High,2026-09-10 07:33:47,45.0,39.6,36.1,17,3.5,Sunny,Expert,1.0,Completed
T1605,Trenching,WHE050,OP025,Site Alpha - Sector 1 Quarry,Low,2026-09-10 08:15:47,75.0,81.2,89.8,24,3.56,Cloudy,Intermediate,5.4,Completed
T1606,Trenching,COM012,OP004,Site Alpha - Sector 4 Foundation,High,2026-09-10 08:57:47,75.0,89.4,90.8,9,3.47,Cloudy,Beginner,1.6,Completed
T1607,Demolition,EXC037,OP079,Site Beta - North Overpass,Medium,2026-09-10 09:39:47,110.0,99.5,113.9,10,2.0,Sunny,Expert,6.0,Completed
T1608,Demolition,DOZ015,OP030,Site Delta - Highway Interchange,Low,2026-09-10 10:21:47,110.0,97.7,101.4,27,3.13,Sunny,Expert,2.7,Completed
T1609,Material Loading,COM006,OP089,Site Beta - North Overpass,Critical,2026-09-10 11:03:47,45.0,51.0,48.4,10,1.73,Cloudy,Intermediate,4.5,Completed
T1610,Trenching,DOZ033,OP078,Site Beta - East Trenching Zone,Critical,2026-09-10 11:45:47,75.0,88.3,92.9,17,2.39,Sunny,Beginner,3.2,Completed
T1611,Compaction,COM042,OP048,Site Alpha - Sector 1 Quarry,Medium,2026-09-10 12:27:47,50.0,58.4,54.9,15,3.22,Sunny,Beginner,0.7,Completed
T1612,Hauling,EXC025,OP063,Site Beta - North Overpass,Critical,2026-09-10 13:09:47,40.0,67.6,68.5,26,3.95,Rainy,Beginner,9.2,Completed
T1613,Trenching,DUM011,OP025,Site Delta - Highway Interchange,Medium,2026-09-10 13:51:47,75.0,84.3,84.2,23,3.53,Windy,Intermediate,0.6,Completed
T1614,Earth Excavation,DOZ027,OP098,Site Gamma - River Basin Basin Prep,Low,2026-09-10 14:33:47,60.0,56.9,56.1,9,2.46,Cloudy,Expert,4.3,Completed
T1615,Material Loading,DOZ027,OP029,Site Gamma - River Basin Basin Prep,Medium,2026-09-10 15:15:47,45.0,41.3,40.9,15,4.24,Sunny,Expert,4.3,Completed
T1616,Hauling,WHE014,OP009,Site Alpha - Sector 1 Quarry,Medium,2026-09-10 15:57:47,40.0,49.7,49.5,23,4.14,Sunny,Beginner,3.6,Completed
T1617,Grading,GRA040,OP063,Site Gamma - River Basin Basin Prep,High,2026-09-10 16:39:47,90.0,109.5,113.0,24,4.4,Cloudy,Beginner,1.3,Completed
T1618,Hauling,COM030,OP032,Site Beta - East Trenching Zone,Critical,2026-09-10 17:21:47,40.0,58.5,63.7,26,4.06,Storm,Intermediate,3.2,Completed
T1619,Grading,WHE050,OP006,Site Alpha - Sector 1 Quarry,Critical,2026-09-10 18:03:47,90.0,80.5,85.8,24,0.98,Sunny,Expert,5.4,Completed
T1620,Compaction,DOZ021,OP051,Site Gamma - River Basin Basin Prep,Low,2026-09-10 18:45:47,50.0,64.1,67.8,21,1.35,Windy,Beginner,1.4,Completed
T1621,Demolition,EXC007,OP058,Site Alpha - Sector 4 Foundation,Critical,2026-09-10 19:27:47,110.0,111.4,122.4,11,2.36,Sunny,Intermediate,3.2,Completed
T1622,Hauling,DOZ003,OP032,Site Alpha - Sector 4 Foundation,Critical,2026-09-10 20:09:47,40.0,42.4,40.4,24,2.6,Cloudy,Intermediate,2.4,Completed
T1623,Compaction,DOZ003,OP072,Site Alpha - Sector 4 Foundation,Critical,2026-09-10 20:51:47,50.0,51.9,54.0,22,2.26,Cloudy,Intermediate,2.4,Completed
T1624,Demolition,EXC049,OP081,Site Alpha - Sector 4 Foundation,Low,2026-09-10 21:33:47,110.0,135.6,120.6,10,4.07,Windy,Intermediate,6.5,Completed
T1625,Trenching,EXC019,OP057,Site Gamma - River Basin Basin Prep,Critical,2026-09-10 22:15:47,75.0,118.2,113.8,14,1.23,Storm,Intermediate,4.5,Completed
T1626,Material Loading,WHE050,OP037,Site Alpha - Sector 1 Quarry,Critical,2026-09-10 22:57:47,45.0,83.0,92.0,17,0.49,Storm,Beginner,5.4,Completed
T1627,Trenching,GRA028,OP038,Site Gamma - River Basin Basin Prep,Low,2026-09-10 23:39:47,75.0,91.4,83.8,29,2.91,Windy,Intermediate,4.8,Completed
T1628,Compaction,GRA034,OP019,Site Alpha - Sector 4 Foundation,Critical,2026-09-11 00:21:47,50.0,61.0,59.4,24,3.07,Windy,Beginner,0.8,Completed
T1629,Hauling,COM042,OP058,Site Alpha - Sector 1 Quarry,Low,2026-09-11 01:03:47,40.0,39.9,36.7,21,4.36,Cloudy,Intermediate,0.7,Completed
T1630,Compaction,DOZ033,OP015,Site Beta - East Trenching Zone,Medium,2026-09-11 01:45:47,50.0,51.6,51.3,11,1.09,Sunny,Intermediate,3.2,Completed
T1631,Hauling,WHE038,OP090,Site Gamma - River Basin Basin Prep,Medium,2026-09-11 02:27:47,40.0,54.2,59.6,29,2.38,Storm,Expert,6.6,Completed
T1632,Grading,DOZ027,OP042,Site Gamma - River Basin Basin Prep,Critical,2026-09-11 03:09:47,90.0,121.9,114.8,9,1.09,Cloudy,Beginner,4.3,Completed
T1633,Earth Excavation,COM012,OP059,Site Alpha - Sector 4 Foundation,Medium,2026-09-11 03:51:47,60.0,70.5,71.5,14,3.14,Sunny,Beginner,1.6,Completed
T1634,Grading,COM006,OP033,Site Beta - North Overpass,High,2026-09-11 04:33:47,90.0,144.7,145.0,9,1.42,Storm,Intermediate,4.5,Completed
T1635,Compaction,COM042,OP092,Site Alpha - Sector 1 Quarry,Medium,2026-09-11 05:15:47,50.0,60.8,54.4,20,1.0,Sunny,Beginner,0.7,Completed
T1636,Compaction,DUM047,OP016,Site Delta - Highway Interchange,Low,2026-09-11 05:57:47,50.0,66.2,68.3,16,2.2,Sunny,Beginner,10.4,Completed
T1637,Earth Excavation,GRA046,OP058,Site Gamma - River Basin Basin Prep,High,2026-09-11 06:39:47,60.0,60.0,60.1,27,3.18,Cloudy,Intermediate,0.6,Completed
T1638,Earth Excavation,GRA034,OP091,Site Alpha - Sector 4 Foundation,Critical,2026-09-11 07:21:47,60.0,56.2,64.3,15,4.19,Sunny,Intermediate,0.8,Completed
T1639,Compaction,DOZ033,OP079,Site Beta - East Trenching Zone,Medium,2026-09-11 08:03:47,50.0,51.2,48.7,25,2.53,Windy,Expert,3.2,Completed
T1640,Grading,COM036,OP049,Site Alpha - Sector 1 Quarry,Low,2026-09-11 08:45:47,90.0,132.9,111.8,22,2.36,Rainy,Beginner,4.3,Completed
T1641,Hauling,DUM011,OP043,Site Delta - Highway Interchange,Medium,2026-09-11 09:27:47,40.0,35.4,36.3,23,1.34,Cloudy,Expert,0.6,Completed
T1642,Trenching,GRA010,OP023,Site Beta - East Trenching Zone,Low,2026-09-11 10:09:47,75.0,119.5,113.1,27,3.72,Rainy,Beginner,3.4,Completed
T1643,Grading,WHE020,OP040,Site Alpha - Sector 4 Foundation,Critical,2026-09-11 10:51:47,90.0,89.9,96.0,24,2.12,Cloudy,Intermediate,3.4,Completed
T1644,Material Loading,DUM041,OP024,Site Alpha - Sector 4 Foundation,Low,2026-09-11 11:33:47,45.0,40.2,41.8,9,0.49,Cloudy,Expert,3.2,Completed
T1645,Trenching,EXC013,OP001,Site Beta - East Trenching Zone,High,2026-09-11 12:15:47,75.0,70.5,65.7,26,0.67,Sunny,Expert,3.2,Completed
T1646,Earth Excavation,COM030,OP064,Site Beta - East Trenching Zone,Critical,2026-09-11 12:57:47,60.0,70.0,79.9,15,2.23,Cloudy,Beginner,3.2,Completed
T1647,Demolition,EXC001,OP078,Site Alpha - Sector 4 Foundation,Critical,2026-09-11 13:39:47,110.0,130.5,140.0,29,3.02,Sunny,Beginner,2.4,Completed
T1648,Trenching,WHE014,OP076,Site Alpha - Sector 1 Quarry,Critical,2026-09-11 14:21:47,75.0,96.9,98.2,16,1.17,Rainy,Intermediate,3.6,Completed
T1649,Grading,DOZ027,OP057,Site Gamma - River Basin Basin Prep,Low,2026-09-11 15:03:47,90.0,98.8,98.8,27,1.33,Cloudy,Intermediate,4.3,Completed
T1650,Demolition,DOZ039,OP001,Site Alpha - Sector 1 Quarry,Medium,2026-09-11 15:45:47,110.0,110.7,110.2,26,1.4,Windy,Expert,1.5,Completed
T1651,Demolition,COM018,OP080,Site Gamma - River Basin Basin Prep,Medium,2026-09-11 16:27:47,110.0,106.5,105.4,26,1.72,Sunny,Intermediate,1.2,Completed
T1652,Earth Excavation,COM012,OP019,Site Alpha - Sector 4 Foundation,Low,2026-09-11 17:09:47,60.0,69.5,81.2,14,3.39,Windy,Beginner,1.6,Completed
T1653,Compaction,DUM023,OP005,Site Gamma - River Basin Basin Prep,Medium,2026-09-11 17:51:47,50.0,79.4,83.1,22,0.89,Rainy,Beginner,4.9,Completed
T1654,Hauling,DOZ003,OP086,Site Alpha - Sector 4 Foundation,High,2026-09-11 18:33:47,40.0,43.3,45.8,13,2.46,Windy,Intermediate,2.4,Completed
T1655,Material Loading,COM006,OP007,Site Beta - North Overpass,Low,2026-09-11 19:15:47,45.0,55.0,55.7,17,3.37,Sunny,Beginner,4.5,Completed
T1656,Grading,COM012,OP021,Site Alpha - Sector 4 Foundation,High,2026-09-11 19:57:47,90.0,93.4,99.0,25,1.19,Windy,Intermediate,1.6,Completed
T1657,Demolition,EXC043,OP089,Site Beta - East Trenching Zone,Medium,2026-09-11 20:39:47,110.0,113.8,111.8,22,2.34,Sunny,Intermediate,1.8,Completed
T1658,Grading,COM048,OP075,Site Delta - Highway Interchange,High,2026-09-11 21:21:47,90.0,97.4,103.1,25,2.12,Windy,Intermediate,3.9,Completed
T1659,Earth Excavation,COM006,OP099,Site Beta - North Overpass,High,2026-09-11 22:03:47,60.0,73.8,77.0,26,1.49,Sunny,Beginner,4.5,Completed
T1660,Material Loading,COM024,OP049,Site Delta - Highway Interchange,Low,2026-09-11 22:45:47,45.0,60.5,59.5,29,1.16,Sunny,Beginner,10.9,Completed
T1661,Hauling,GRA028,OP071,Site Gamma - River Basin Basin Prep,Low,2026-09-11 23:27:47,40.0,48.8,49.6,23,3.14,Sunny,Beginner,4.8,Completed
T1662,Material Loading,EXC031,OP018,Site Delta - Highway Interchange,Low,2026-09-12 00:09:47,45.0,37.5,37.1,19,2.25,Sunny,Expert,2.5,Completed
T1663,Compaction,COM018,OP043,Site Gamma - River Basin Basin Prep,Critical,2026-09-12 00:51:47,50.0,64.3,65.7,12,2.44,Storm,Expert,1.2,Completed
T1664,Demolition,WHE014,OP090,Site Alpha - Sector 1 Quarry,Medium,2026-09-12 01:33:47,110.0,95.2,88.1,28,1.88,Sunny,Expert,3.6,Completed
T1665,Demolition,GRA004,OP014,Site Beta - North Overpass,Low,2026-09-12 02:15:47,110.0,117.7,110.3,24,3.47,Sunny,Intermediate,4.9,Completed
T1666,Grading,DUM047,OP089,Site Delta - Highway Interchange,High,2026-09-12 02:57:47,90.0,157.7,155.4,21,0.99,Storm,Intermediate,10.4,Completed
T1667,Grading,DOZ039,OP041,Site Alpha - Sector 1 Quarry,High,2026-09-12 03:39:47,90.0,79.7,80.8,19,1.85,Sunny,Expert,1.5,Completed
T1668,Demolition,EXC037,OP080,Site Beta - North Overpass,High,2026-09-12 04:21:47,110.0,125.5,129.1,29,1.43,Cloudy,Intermediate,6.0,Completed
T1669,Trenching,GRA040,OP073,Site Gamma - River Basin Basin Prep,Critical,2026-09-12 05:03:47,75.0,68.6,61.0,13,0.72,Sunny,Expert,1.3,Completed
T1670,Demolition,DUM047,OP081,Site Delta - Highway Interchange,Critical,2026-09-12 05:45:47,110.0,126.7,128.3,24,4.31,Sunny,Intermediate,10.4,Completed
T1671,Grading,COM012,OP079,Site Alpha - Sector 4 Foundation,Medium,2026-09-12 06:27:47,90.0,80.9,88.3,9,2.67,Cloudy,Expert,1.6,Completed
T1672,Compaction,EXC019,OP025,Site Gamma - River Basin Basin Prep,Low,2026-09-12 07:09:47,50.0,51.2,50.3,23,0.52,Sunny,Intermediate,4.5,Completed
T1673,Earth Excavation,WHE002,OP060,Site Alpha - Sector 1 Quarry,Low,2026-09-12 07:51:47,60.0,56.2,61.8,22,2.66,Sunny,Intermediate,1.1,Completed
T1674,Compaction,WHE014,OP079,Site Alpha - Sector 1 Quarry,Critical,2026-09-12 08:33:47,50.0,43.1,43.3,9,0.56,Sunny,Expert,3.6,Completed
T1675,Grading,DOZ003,OP043,Site Alpha - Sector 4 Foundation,High,2026-09-12 09:15:47,90.0,88.7,90.9,16,0.98,Windy,Expert,2.4,Completed
T1676,Demolition,DUM041,OP028,Site Alpha - Sector 4 Foundation,Low,2026-09-12 09:57:47,110.0,144.5,118.5,21,4.2,Sunny,Beginner,3.2,Completed
T1677,Compaction,EXC013,OP089,Site Beta - East Trenching Zone,High,2026-09-12 10:39:47,50.0,55.2,52.4,27,0.84,Cloudy,Intermediate,3.2,Completed
T1678,Material Loading,DUM005,OP040,Site Beta - North Overpass,High,2026-09-12 11:21:47,45.0,53.2,50.7,13,3.08,Sunny,Intermediate,10.8,Completed
T1679,Demolition,COM036,OP042,Site Alpha - Sector 1 Quarry,Low,2026-09-12 12:03:47,110.0,147.5,159.8,26,4.33,Windy,Beginner,4.3,Completed
T1680,Earth Excavation,WHE044,OP043,Site Alpha - Sector 4 Foundation,High,2026-09-12 12:45:47,60.0,52.3,47.8,13,3.71,Sunny,Expert,1.2,Completed
T1681,Grading,DUM047,OP073,Site Delta - Highway Interchange,Low,2026-09-12 13:27:47,90.0,88.2,92.1,18,2.42,Sunny,Expert,10.4,Completed
T1682,Hauling,COM012,OP025,Site Alpha - Sector 4 Foundation,High,2026-09-12 14:09:47,40.0,45.0,44.8,19,0.6,Windy,Intermediate,1.6,Completed
T1683,Hauling,GRA022,OP087,Site Alpha - Sector 4 Foundation,Critical,2026-09-12 14:51:47,40.0,38.7,38.3,18,4.06,Sunny,Intermediate,0.8,Completed
T1684,Grading,DOZ003,OP083,Site Alpha - Sector 4 Foundation,Medium,2026-09-12 15:33:47,90.0,166.2,162.4,19,4.06,Storm,Beginner,2.4,Completed
T1685,Grading,GRA010,OP081,Site Beta - East Trenching Zone,Critical,2026-09-12 16:15:47,90.0,98.8,93.6,15,4.29,Cloudy,Intermediate,3.4,Completed
T1686,Hauling,DUM035,OP043,Site Beta - North Overpass,Critical,2026-09-12 16:57:47,40.0,35.9,33.2,15,2.46,Sunny,Expert,3.2,Completed
T1687,Hauling,DOZ027,OP096,Site Gamma - River Basin Basin Prep,Low,2026-09-12 17:39:47,40.0,35.0,38.0,26,1.2,Sunny,Expert,4.3,Completed
T1688,Hauling,GRA034,OP039,Site Alpha - Sector 4 Foundation,High,2026-09-12 18:21:47,40.0,35.9,37.1,22,3.95,Cloudy,Expert,0.8,Completed
T1689,Demolition,DUM035,OP003,Site Beta - North Overpass,Medium,2026-09-12 19:03:47,110.0,136.1,136.9,11,4.25,Sunny,Beginner,3.2,Completed
T1690,Demolition,WHE044,OP043,Site Alpha - Sector 4 Foundation,High,2026-09-12 19:45:47,110.0,96.0,85.2,22,3.04,Sunny,Expert,1.2,Completed
T1691,Earth Excavation,GRA010,OP036,Site Beta - East Trenching Zone,Low,2026-09-12 20:27:47,60.0,76.6,78.1,17,1.74,Cloudy,Beginner,3.4,Completed
T1692,Material Loading,EXC025,OP081,Site Beta - North Overpass,Medium,2026-09-12 21:09:47,45.0,49.8,46.6,18,3.87,Sunny,Intermediate,9.2,Completed
T1693,Demolition,DOZ039,OP050,Site Alpha - Sector 1 Quarry,Medium,2026-09-12 21:51:47,110.0,138.0,145.6,23,3.03,Rainy,Intermediate,1.5,Completed
T1694,Demolition,WHE008,OP097,Site Alpha - Sector 1 Quarry,High,2026-09-12 22:33:47,110.0,118.1,121.0,14,2.18,Sunny,Intermediate,6.4,Completed
T1695,Compaction,DOZ021,OP091,Site Gamma - River Basin Basin Prep,Low,2026-09-12 23:15:47,50.0,60.9,66.1,13,4.39,Rainy,Intermediate,1.4,Completed
T1696,Material Loading,DOZ027,OP012,Site Gamma - River Basin Basin Prep,Critical,2026-09-12 23:57:47,45.0,41.0,37.2,21,2.35,Sunny,Expert,4.3,Completed
T1697,Trenching,COM024,OP058,Site Delta - Highway Interchange,High,2026-09-13 00:39:47,75.0,81.5,81.3,16,1.09,Sunny,Intermediate,10.9,Completed
T1698,Trenching,GRA034,OP039,Site Alpha - Sector 4 Foundation,Medium,2026-09-13 01:21:47,75.0,62.3,62.8,15,4.14,Sunny,Expert,0.8,Completed
T1699,Earth Excavation,COM024,OP005,Site Delta - Highway Interchange,Medium,2026-09-13 02:03:47,60.0,81.2,82.3,8,0.82,Sunny,Beginner,10.9,Completed
T1700,Earth Excavation,DUM029,OP065,Site Beta - North Overpass,Low,2026-09-13 02:45:47,60.0,70.7,74.0,21,3.7,Cloudy,Beginner,1.0,Completed
T1701,Hauling,EXC031,OP065,Site Delta - Highway Interchange,Medium,2026-09-13 03:27:47,40.0,47.6,49.3,24,1.74,Sunny,Beginner,2.5,Completed
T1702,Trenching,GRA022,OP062,Site Alpha - Sector 4 Foundation,High,2026-09-13 04:09:47,75.0,82.7,77.1,8,3.25,Windy,Intermediate,0.8,Completed
T1703,Hauling,DOZ021,OP019,Site Gamma - River Basin Basin Prep,Low,2026-09-13 04:51:47,40.0,47.2,47.7,18,0.83,Sunny,Beginner,1.4,Completed
T1704,Hauling,GRA034,OP087,Site Alpha - Sector 4 Foundation,Medium,2026-09-13 05:33:47,40.0,39.4,41.4,25,1.41,Cloudy,Intermediate,0.8,Completed
T1705,Trenching,DUM047,OP005,Site Delta - Highway Interchange,Critical,2026-09-13 06:15:47,75.0,106.1,97.3,9,2.82,Sunny,Beginner,10.4,Completed
T1706,Grading,GRA046,OP067,Site Gamma - River Basin Basin Prep,Low,2026-09-13 06:57:47,90.0,96.9,107.2,28,2.26,Windy,Intermediate,0.6,Completed
T1707,Earth Excavation,WHE020,OP006,Site Alpha - Sector 4 Foundation,Low,2026-09-13 07:39:47,60.0,52.9,60.6,24,1.74,Sunny,Expert,3.4,Completed
T1708,Material Loading,COM030,OP006,Site Beta - East Trenching Zone,Low,2026-09-13 08:21:47,45.0,43.4,44.4,16,2.63,Cloudy,Expert,3.2,Completed
T1709,Demolition,WHE050,OP085,Site Alpha - Sector 1 Quarry,High,2026-09-13 09:03:47,110.0,122.6,123.5,13,4.47,Cloudy,Intermediate,5.4,Completed
T1710,Earth Excavation,EXC037,OP098,Site Beta - North Overpass,High,2026-09-13 09:45:47,60.0,55.8,57.1,28,3.96,Sunny,Expert,6.0,Completed
T1711,Compaction,WHE014,OP042,Site Alpha - Sector 1 Quarry,Medium,2026-09-13 10:27:47,50.0,81.6,70.6,25,0.62,Rainy,Beginner,3.6,Completed
T1712,Trenching,EXC019,OP036,Site Gamma - River Basin Basin Prep,High,2026-09-13 11:09:47,75.0,93.6,99.4,26,4.33,Sunny,Beginner,4.5,Completed
T1713,Hauling,DUM029,OP086,Site Beta - North Overpass,Low,2026-09-13 11:51:47,40.0,50.1,50.6,23,3.43,Rainy,Intermediate,1.0,Completed
T1714,Material Loading,GRA010,OP021,Site Beta - East Trenching Zone,High,2026-09-13 12:33:47,45.0,45.5,43.9,28,3.95,Sunny,Intermediate,3.4,Completed
T1715,Earth Excavation,EXC001,OP080,Site Alpha - Sector 4 Foundation,Low,2026-09-13 13:15:47,60.0,58.8,61.6,27,2.32,Sunny,Intermediate,2.4,Completed
T1716,Trenching,DUM035,OP045,Site Beta - North Overpass,High,2026-09-13 13:57:47,75.0,89.7,89.5,21,3.92,Sunny,Beginner,3.2,Completed
T1717,Material Loading,GRA010,OP091,Site Beta - East Trenching Zone,High,2026-09-13 14:39:47,45.0,47.4,40.0,16,2.55,Sunny,Intermediate,3.4,Completed
T1718,Demolition,GRA016,OP022,Site Delta - Highway Interchange,Low,2026-09-13 15:21:47,110.0,98.3,90.8,9,1.81,Sunny,Expert,3.2,Completed
T1719,Material Loading,GRA040,OP044,Site Gamma - River Basin Basin Prep,Critical,2026-09-13 16:03:47,45.0,39.5,41.2,21,2.24,Sunny,Expert,1.3,Completed
T1720,Earth Excavation,DOZ009,OP004,Site Beta - East Trenching Zone,Critical,2026-09-13 16:45:47,60.0,76.1,70.7,8,1.95,Sunny,Beginner,2.8,Completed
T1721,Compaction,GRA004,OP014,Site Beta - North Overpass,Critical,2026-09-13 17:27:47,50.0,53.2,51.5,28,4.07,Sunny,Intermediate,4.9,Completed
T1722,Earth Excavation,COM006,OP055,Site Beta - North Overpass,Critical,2026-09-13 18:09:47,60.0,65.1,60.7,26,2.83,Windy,Expert,4.5,Completed
T1723,Trenching,GRA046,OP077,Site Gamma - River Basin Basin Prep,Critical,2026-09-13 18:51:47,75.0,64.5,61.1,29,2.65,Sunny,Expert,0.6,Completed
T1724,Demolition,DUM023,OP040,Site Gamma - River Basin Basin Prep,High,2026-09-13 19:33:47,110.0,122.2,119.7,20,1.26,Cloudy,Intermediate,4.9,Completed
T1725,Hauling,EXC013,OP092,Site Beta - East Trenching Zone,Low,2026-09-13 20:15:47,40.0,46.4,51.3,9,2.11,Sunny,Beginner,3.2,Completed
T1726,Hauling,EXC049,OP060,Site Alpha - Sector 4 Foundation,Medium,2026-09-13 20:57:47,40.0,52.5,51.3,26,0.97,Rainy,Intermediate,6.5,Completed
T1727,Earth Excavation,DOZ045,OP060,Site Gamma - River Basin Basin Prep,Low,2026-09-13 21:39:47,60.0,66.3,64.8,11,4.14,Cloudy,Intermediate,4.0,Completed
T1728,Grading,WHE020,OP088,Site Alpha - Sector 4 Foundation,Critical,2026-09-13 22:21:47,90.0,91.4,91.9,15,2.75,Sunny,Intermediate,3.4,Completed
T1729,Grading,DOZ015,OP029,Site Delta - Highway Interchange,Medium,2026-09-13 23:03:47,90.0,76.6,80.7,29,2.55,Sunny,Expert,2.7,Completed
T1730,Hauling,GRA040,OP034,Site Gamma - River Basin Basin Prep,High,2026-09-13 23:45:47,40.0,39.4,37.6,22,1.3,Cloudy,Intermediate,1.3,Completed
T1731,Grading,COM012,OP090,Site Alpha - Sector 4 Foundation,High,2026-09-14 00:27:47,90.0,121.3,125.3,16,4.22,Storm,Expert,1.6,Completed
T1732,Hauling,DOZ021,OP059,Site Gamma - River Basin Basin Prep,Critical,2026-09-14 01:09:47,40.0,46.5,48.5,25,4.07,Sunny,Beginner,1.4,Completed
T1733,Earth Excavation,DUM005,OP061,Site Beta - North Overpass,Low,2026-09-14 01:51:47,60.0,66.3,59.7,25,3.22,Sunny,Intermediate,10.8,Completed
T1734,Material Loading,EXC031,OP060,Site Delta - Highway Interchange,Medium,2026-09-14 02:33:47,45.0,67.9,71.3,9,1.89,Storm,Intermediate,2.5,Completed
T1735,Material Loading,WHE050,OP045,Site Alpha - Sector 1 Quarry,Medium,2026-09-14 03:15:47,45.0,54.7,63.6,22,4.23,Cloudy,Beginner,5.4,Completed
T1736,Demolition,EXC007,OP052,Site Alpha - Sector 4 Foundation,Low,2026-09-14 03:57:47,110.0,107.9,126.6,21,2.33,Sunny,Intermediate,3.2,Completed
T1737,Material Loading,COM036,OP084,Site Alpha - Sector 1 Quarry,Low,2026-09-14 04:39:47,45.0,54.2,54.9,23,1.46,Sunny,Beginner,4.3,Completed
T1738,Hauling,WHE020,OP069,Site Alpha - Sector 4 Foundation,Critical,2026-09-14 05:21:47,40.0,42.1,41.3,16,1.28,Cloudy,Intermediate,3.4,Completed
T1739,Grading,WHE038,OP053,Site Gamma - River Basin Basin Prep,Medium,2026-09-14 06:03:47,90.0,121.4,119.4,14,2.19,Sunny,Beginner,6.6,Completed
T1740,Demolition,GRA016,OP071,Site Delta - Highway Interchange,Medium,2026-09-14 06:45:47,110.0,210.2,195.0,13,2.35,Storm,Beginner,3.2,Completed
T1741,Grading,EXC025,OP009,Site Beta - North Overpass,High,2026-09-14 07:27:47,90.0,123.4,116.1,15,0.69,Sunny,Beginner,9.2,Completed
T1742,Trenching,DOZ045,OP076,Site Gamma - River Basin Basin Prep,Critical,2026-09-14 08:09:47,75.0,84.4,89.2,17,0.93,Windy,Intermediate,4.0,Completed
T1743,Hauling,GRA028,OP073,Site Gamma - River Basin Basin Prep,High,2026-09-14 08:51:47,40.0,47.6,45.4,19,0.53,Rainy,Expert,4.8,Completed
T1744,Demolition,DOZ045,OP031,Site Gamma - River Basin Basin Prep,Medium,2026-09-14 09:33:47,110.0,111.1,115.3,11,2.22,Sunny,Intermediate,4.0,Completed
T1745,Compaction,EXC043,OP010,Site Beta - East Trenching Zone,Critical,2026-09-14 10:15:47,50.0,50.7,52.6,9,3.38,Cloudy,Intermediate,1.8,Completed
T1746,Earth Excavation,WHE038,OP077,Site Gamma - River Basin Basin Prep,Critical,2026-09-14 10:57:47,60.0,55.4,60.1,16,4.25,Sunny,Expert,6.6,Completed
T1747,Material Loading,COM036,OP013,Site Alpha - Sector 1 Quarry,Critical,2026-09-14 11:39:47,45.0,43.3,39.1,27,4.04,Sunny,Expert,4.3,Completed
T1748,Trenching,WHE020,OP052,Site Alpha - Sector 4 Foundation,Low,2026-09-14 12:21:47,75.0,77.7,77.1,15,2.55,Sunny,Intermediate,3.4,Completed
T1749,Demolition,EXC007,OP088,Site Alpha - Sector 4 Foundation,Critical,2026-09-14 13:03:47,110.0,116.7,101.6,9,3.5,Sunny,Intermediate,3.2,Completed
T1750,Material Loading,WHE032,OP083,Site Beta - East Trenching Zone,Low,2026-09-14 13:45:47,45.0,51.4,44.0,18,0.99,Sunny,Beginner,0.7,Completed
T1751,Earth Excavation,WHE014,OP018,Site Alpha - Sector 1 Quarry,Low,2026-09-14 14:27:47,60.0,59.0,47.8,8,1.34,Cloudy,Expert,3.6,Completed
T1752,Hauling,GRA010,OP085,Site Beta - East Trenching Zone,Medium,2026-09-14 15:09:47,40.0,41.0,42.9,19,3.81,Cloudy,Intermediate,3.4,Completed
T1753,Grading,DUM035,OP038,Site Beta - North Overpass,Critical,2026-09-14 15:51:47,90.0,94.0,102.9,17,2.89,Sunny,Intermediate,3.2,Completed
T1754,Demolition,EXC037,OP058,Site Beta - North Overpass,Medium,2026-09-14 16:33:47,110.0,118.3,113.9,28,1.56,Sunny,Intermediate,6.0,Completed
T1755,Trenching,WHE044,OP041,Site Alpha - Sector 4 Foundation,High,2026-09-14 17:15:47,75.0,66.3,61.0,28,2.07,Sunny,Expert,1.2,Completed
T1756,Demolition,WHE044,OP039,Site Alpha - Sector 4 Foundation,Critical,2026-09-14 17:57:47,110.0,105.0,114.9,14,3.05,Windy,Expert,1.2,Completed
T1757,Compaction,DUM023,OP012,Site Gamma - River Basin Basin Prep,Low,2026-09-14 18:39:47,50.0,47.3,48.5,10,1.28,Sunny,Expert,4.9,Completed
T1758,Demolition,DOZ033,OP052,Site Beta - East Trenching Zone,Medium,2026-09-14 19:21:47,110.0,114.0,114.0,9,2.46,Sunny,Intermediate,3.2,Completed
T1759,Hauling,EXC019,OP008,Site Gamma - River Basin Basin Prep,High,2026-09-14 20:03:47,40.0,40.4,41.5,17,2.99,Windy,Expert,4.5,Completed
T1760,Demolition,GRA004,OP001,Site Beta - North Overpass,High,2026-09-14 20:45:47,110.0,130.5,127.9,16,1.79,Rainy,Expert,4.9,Completed
T1761,Earth Excavation,EXC019,OP004,Site Gamma - River Basin Basin Prep,Medium,2026-09-14 21:27:47,60.0,77.1,78.5,8,3.15,Sunny,Beginner,4.5,Completed
T1762,Grading,DOZ045,OP076,Site Gamma - River Basin Basin Prep,Critical,2026-09-14 22:09:47,90.0,96.2,102.9,23,4.28,Sunny,Intermediate,4.0,Completed
T1763,Compaction,DOZ021,OP092,Site Gamma - River Basin Basin Prep,Critical,2026-09-14 22:51:47,50.0,60.6,59.9,26,1.93,Sunny,Beginner,1.4,Completed
T1764,Grading,EXC025,OP056,Site Beta - North Overpass,Medium,2026-09-14 23:33:47,90.0,107.8,100.0,10,1.45,Cloudy,Intermediate,9.2,Completed
T1765,Compaction,COM012,OP061,Site Alpha - Sector 4 Foundation,Medium,2026-09-15 00:15:47,50.0,53.0,53.8,27,3.13,Windy,Intermediate,1.6,Completed
T1766,Trenching,COM036,OP050,Site Alpha - Sector 1 Quarry,High,2026-09-15 00:57:47,75.0,78.2,76.0,16,3.26,Sunny,Intermediate,4.3,Completed
T1767,Hauling,DOZ027,OP020,Site Gamma - River Basin Basin Prep,High,2026-09-15 01:39:47,40.0,47.0,50.6,16,0.84,Rainy,Expert,4.3,Completed
T1768,Hauling,EXC043,OP017,Site Beta - East Trenching Zone,Medium,2026-09-15 02:21:47,40.0,50.0,46.0,14,4.05,Sunny,Beginner,1.8,Completed
T1769,Earth Excavation,DUM005,OP083,Site Beta - North Overpass,Low,2026-09-15 03:03:47,60.0,108.9,122.1,8,3.68,Rainy,Beginner,10.8,Completed
T1770,Trenching,DUM047,OP063,Site Delta - Highway Interchange,Critical,2026-09-15 03:45:47,75.0,100.6,102.6,23,2.81,Sunny,Beginner,10.4,Completed
T1771,Trenching,COM006,OP018,Site Beta - North Overpass,Critical,2026-09-15 04:27:47,75.0,68.2,61.7,12,0.83,Sunny,Expert,4.5,Completed
T1772,Hauling,COM030,OP090,Site Beta - East Trenching Zone,Critical,2026-09-15 05:09:47,40.0,37.3,36.8,29,0.95,Sunny,Expert,3.2,Completed
T1773,Demolition,COM012,OP059,Site Alpha - Sector 4 Foundation,Critical,2026-09-15 05:51:47,110.0,172.5,156.3,24,0.88,Rainy,Beginner,1.6,Completed
T1774,Demolition,DUM029,OP050,Site Beta - North Overpass,High,2026-09-15 06:33:47,110.0,124.8,120.1,25,0.56,Windy,Intermediate,1.0,Completed
T1775,Trenching,COM012,OP055,Site Alpha - Sector 4 Foundation,Low,2026-09-15 07:15:47,75.0,66.6,59.0,25,2.95,Sunny,Expert,1.6,Completed
T1776,Demolition,WHE032,OP094,Site Beta - East Trenching Zone,Medium,2026-09-15 07:57:47,110.0,140.8,133.4,28,1.42,Rainy,Intermediate,0.7,Completed
T1777,Compaction,DOZ033,OP035,Site Beta - East Trenching Zone,Critical,2026-09-15 08:39:47,50.0,89.0,90.0,20,1.94,Storm,Beginner,3.2,Completed
T1778,Demolition,EXC037,OP047,Site Beta - North Overpass,Low,2026-09-15 09:21:47,110.0,122.5,122.5,10,3.25,Cloudy,Intermediate,6.0,Completed
T1779,Earth Excavation,EXC037,OP062,Site Beta - North Overpass,High,2026-09-15 10:03:47,60.0,73.5,69.4,20,0.78,Windy,Intermediate,6.0,Completed
T1780,Earth Excavation,WHE038,OP062,Site Gamma - River Basin Basin Prep,Low,2026-09-15 10:45:47,60.0,67.9,63.4,8,1.64,Cloudy,Intermediate,6.6,Completed
T1781,Trenching,DUM047,OP094,Site Delta - Highway Interchange,High,2026-09-15 11:27:47,75.0,133.0,142.0,26,2.51,Storm,Intermediate,10.4,Completed
T1782,Grading,GRA034,OP011,Site Alpha - Sector 4 Foundation,Low,2026-09-15 12:09:47,90.0,104.6,110.7,13,1.63,Cloudy,Beginner,0.8,Completed
T1783,Trenching,EXC031,OP081,Site Delta - Highway Interchange,Low,2026-09-15 12:51:47,75.0,95.2,103.8,18,1.14,Rainy,Intermediate,2.5,Completed
T1784,Compaction,DUM041,OP070,Site Alpha - Sector 4 Foundation,High,2026-09-15 13:33:47,50.0,60.4,57.7,25,2.94,Sunny,Beginner,3.2,Completed
T1785,Demolition,GRA004,OP044,Site Beta - North Overpass,Low,2026-09-15 14:15:47,110.0,106.9,106.3,19,1.53,Sunny,Expert,4.9,Completed
T1786,Grading,COM030,OP066,Site Beta - East Trenching Zone,Critical,2026-09-15 14:57:47,90.0,91.4,86.9,19,2.37,Sunny,Intermediate,3.2,Completed
T1787,Demolition,DUM047,OP043,Site Delta - Highway Interchange,Critical,2026-09-15 15:39:47,110.0,140.3,132.1,8,2.77,Rainy,Expert,10.4,Completed
T1788,Material Loading,EXC019,OP038,Site Gamma - River Basin Basin Prep,Medium,2026-09-15 16:21:47,45.0,52.4,55.3,14,0.63,Windy,Intermediate,4.5,Completed
T1789,Earth Excavation,DOZ045,OP077,Site Gamma - River Basin Basin Prep,High,2026-09-15 17:03:47,60.0,58.9,52.7,20,2.95,Cloudy,Expert,4.0,Completed
T1790,Compaction,EXC037,OP034,Site Beta - North Overpass,Low,2026-09-15 17:45:47,50.0,55.5,52.2,24,4.29,Sunny,Intermediate,6.0,Completed
T1791,Compaction,EXC031,OP075,Site Delta - Highway Interchange,Medium,2026-09-15 18:27:47,50.0,62.9,66.0,18,4.5,Rainy,Intermediate,2.5,Completed
T1792,Demolition,GRA004,OP085,Site Beta - North Overpass,High,2026-09-15 19:09:47,110.0,114.8,124.2,18,4.28,Sunny,Intermediate,4.9,Completed
T1793,Hauling,COM048,OP080,Site Delta - Highway Interchange,Low,2026-09-15 19:51:47,40.0,42.8,37.4,20,2.55,Cloudy,Intermediate,3.9,Completed
T1794,Material Loading,WHE032,OP011,Site Beta - East Trenching Zone,Medium,2026-09-15 20:33:47,45.0,66.8,61.4,25,2.77,Rainy,Beginner,0.7,Completed
T1795,Demolition,DUM005,OP036,Site Beta - North Overpass,High,2026-09-15 21:15:47,110.0,154.8,148.4,29,2.09,Sunny,Beginner,10.8,Completed
T1796,Trenching,GRA040,OP036,Site Gamma - River Basin Basin Prep,High,2026-09-15 21:57:47,75.0,96.9,101.8,11,3.24,Windy,Beginner,1.3,Completed
T1797,Hauling,DUM017,OP002,Site Alpha - Sector 1 Quarry,Low,2026-09-15 22:39:47,40.0,45.4,47.4,15,4.11,Sunny,Beginner,1.7,Completed
T1798,Demolition,COM012,OP076,Site Alpha - Sector 4 Foundation,Medium,2026-09-15 23:21:47,110.0,110.1,115.9,13,3.11,Sunny,Intermediate,1.6,Completed
T1799,Compaction,DUM029,OP048,Site Beta - North Overpass,Medium,2026-09-16 00:03:47,50.0,61.7,63.1,16,3.83,Cloudy,Beginner,1.0,Completed
T1800,Material Loading,DOZ045,OP031,Site Gamma - River Basin Basin Prep,Critical,2026-09-16 00:45:47,45.0,48.7,45.3,14,2.71,Cloudy,Intermediate,4.0,Completed
T1801,Trenching,GRA034,OP005,Site Alpha - Sector 4 Foundation,High,2026-09-16 01:27:47,75.0,90.8,94.6,18,4.29,Cloudy,Beginner,0.8,Completed
T1802,Earth Excavation,GRA010,OP077,Site Beta - East Trenching Zone,Medium,2026-09-16 02:09:47,60.0,56.5,57.2,18,2.5,Cloudy,Expert,3.4,Completed
T1803,Hauling,WHE032,OP097,Site Beta - East Trenching Zone,Critical,2026-09-16 02:51:47,40.0,39.1,35.7,17,3.93,Sunny,Intermediate,0.7,Completed
T1804,Hauling,EXC025,OP031,Site Beta - North Overpass,Critical,2026-09-16 03:33:47,40.0,59.3,57.7,20,4.31,Rainy,Intermediate,9.2,Completed
T1805,Compaction,DUM041,OP022,Site Alpha - Sector 4 Foundation,Medium,2026-09-16 04:15:47,50.0,46.7,44.3,9,3.85,Cloudy,Expert,3.2,Completed
T1806,Demolition,DUM047,OP045,Site Delta - Highway Interchange,Low,2026-09-16 04:57:47,110.0,169.4,174.7,19,1.52,Windy,Beginner,10.4,Completed
T1807,Compaction,DUM017,OP097,Site Alpha - Sector 1 Quarry,Low,2026-09-16 05:39:47,50.0,63.2,60.2,29,2.98,Rainy,Intermediate,1.7,Completed
T1808,Earth Excavation,DUM011,OP060,Site Delta - Highway Interchange,Critical,2026-09-16 06:21:47,60.0,89.1,89.1,17,3.25,Storm,Intermediate,0.6,Completed
T1809,Grading,WHE020,OP061,Site Alpha - Sector 4 Foundation,Medium,2026-09-16 07:03:47,90.0,92.1,100.9,16,1.68,Sunny,Intermediate,3.4,Completed
T1810,Grading,WHE044,OP091,Site Alpha - Sector 4 Foundation,Critical,2026-09-16 07:45:47,90.0,86.1,90.4,8,0.49,Sunny,Intermediate,1.2,Completed
T1811,Grading,DUM017,OP019,Site Alpha - Sector 1 Quarry,Critical,2026-09-16 08:27:47,90.0,114.7,105.6,17,2.24,Windy,Beginner,1.7,Completed
T1812,Earth Excavation,EXC019,OP058,Site Gamma - River Basin Basin Prep,Critical,2026-09-16 09:09:47,60.0,58.8,63.2,24,3.5,Sunny,Intermediate,4.5,Completed
T1813,Compaction,DOZ021,OP068,Site Gamma - River Basin Basin Prep,Low,2026-09-16 09:51:47,50.0,60.4,59.0,28,4.14,Cloudy,Beginner,1.4,Completed
T1814,Earth Excavation,DUM035,OP082,Site Beta - North Overpass,High,2026-09-16 10:33:47,60.0,54.5,59.3,27,0.45,Sunny,Expert,3.2,Completed
T1815,Hauling,GRA028,OP079,Site Gamma - River Basin Basin Prep,High,2026-09-16 11:15:47,40.0,33.8,37.7,19,1.04,Sunny,Expert,4.8,Completed
T1816,Material Loading,COM018,OP035,Site Gamma - River Basin Basin Prep,Low,2026-09-16 11:57:47,45.0,53.6,52.6,29,2.01,Sunny,Beginner,1.2,Completed
T1817,Material Loading,COM042,OP075,Site Alpha - Sector 1 Quarry,Critical,2026-09-16 12:39:47,45.0,46.9,48.0,15,3.22,Cloudy,Intermediate,0.7,Completed
T1818,Grading,WHE050,OP087,Site Alpha - Sector 1 Quarry,Medium,2026-09-16 13:21:47,90.0,96.6,106.6,22,2.33,Cloudy,Intermediate,5.4,Completed
T1819,Compaction,WHE044,OP076,Site Alpha - Sector 4 Foundation,Medium,2026-09-16 14:03:47,50.0,61.8,64.8,26,4.46,Rainy,Intermediate,1.2,Completed
T1820,Demolition,GRA022,OP087,Site Alpha - Sector 4 Foundation,Medium,2026-09-16 14:45:47,110.0,114.3,131.0,13,1.71,Windy,Intermediate,0.8,Completed
T1821,Material Loading,COM036,OP002,Site Alpha - Sector 1 Quarry,Low,2026-09-16 15:27:47,45.0,56.3,51.4,25,3.09,Sunny,Beginner,4.3,Completed
T1822,Hauling,DUM005,OP002,Site Beta - North Overpass,Critical,2026-09-16 16:09:47,40.0,54.4,56.5,12,2.14,Sunny,Beginner,10.8,Completed
T1823,Earth Excavation,GRA034,OP014,Site Alpha - Sector 4 Foundation,Critical,2026-09-16 16:51:47,60.0,57.8,64.1,23,3.49,Sunny,Intermediate,0.8,Completed
T1824,Material Loading,DOZ015,OP093,Site Delta - Highway Interchange,High,2026-09-16 17:33:47,45.0,55.9,58.1,26,3.05,Sunny,Beginner,2.7,Completed
T1825,Material Loading,EXC013,OP005,Site Beta - East Trenching Zone,Low,2026-09-16 18:15:47,45.0,70.9,65.9,21,3.89,Rainy,Beginner,3.2,Completed
T1826,Demolition,COM006,OP008,Site Beta - North Overpass,Medium,2026-09-16 18:57:47,110.0,98.6,98.3,13,2.71,Sunny,Expert,4.5,Completed
T1827,Demolition,DUM041,OP016,Site Alpha - Sector 4 Foundation,Low,2026-09-16 19:39:47,110.0,170.3,158.1,17,3.62,Rainy,Beginner,3.2,Completed
T1828,Earth Excavation,DOZ039,OP017,Site Alpha - Sector 1 Quarry,Critical,2026-09-16 20:21:47,60.0,72.8,63.3,26,3.94,Sunny,Beginner,1.5,Completed
T1829,Compaction,EXC049,OP083,Site Alpha - Sector 4 Foundation,Medium,2026-09-16 21:03:47,50.0,62.7,66.1,23,2.95,Sunny,Beginner,6.5,Completed
T1830,Earth Excavation,DOZ045,OP024,Site Gamma - River Basin Basin Prep,High,2026-09-16 21:45:47,60.0,52.8,52.1,11,3.16,Sunny,Expert,4.0,Completed
T1831,Material Loading,COM030,OP085,Site Beta - East Trenching Zone,Low,2026-09-16 22:27:47,45.0,58.5,55.9,17,1.75,Rainy,Intermediate,3.2,Completed
T1832,Compaction,COM030,OP036,Site Beta - East Trenching Zone,Critical,2026-09-16 23:09:47,50.0,58.0,66.9,23,2.97,Sunny,Beginner,3.2,Completed
T1833,Compaction,EXC043,OP099,Site Beta - East Trenching Zone,High,2026-09-16 23:51:47,50.0,59.9,59.0,19,3.24,Sunny,Beginner,1.8,Completed
T1834,Material Loading,DUM011,OP100,Site Delta - Highway Interchange,Low,2026-09-17 00:33:47,45.0,52.2,52.1,29,1.52,Cloudy,Beginner,0.6,Completed
T1835,Material Loading,WHE050,OP008,Site Alpha - Sector 1 Quarry,Critical,2026-09-17 01:15:47,45.0,43.2,46.6,11,3.66,Sunny,Expert,5.4,Completed
T1836,Grading,GRA022,OP008,Site Alpha - Sector 4 Foundation,High,2026-09-17 01:57:47,90.0,118.6,118.4,22,2.6,Storm,Expert,0.8,Completed
T1837,Hauling,DUM017,OP023,Site Alpha - Sector 1 Quarry,Critical,2026-09-17 02:39:47,40.0,50.8,52.3,19,1.84,Windy,Beginner,1.7,Completed
T1838,Earth Excavation,WHE032,OP026,Site Beta - East Trenching Zone,Critical,2026-09-17 03:21:47,60.0,54.8,57.9,22,3.82,Sunny,Intermediate,0.7,Completed
T1839,Trenching,COM042,OP063,Site Alpha - Sector 1 Quarry,Low,2026-09-17 04:03:47,75.0,111.7,113.1,27,2.95,Rainy,Beginner,0.7,Completed
T1840,Trenching,DUM035,OP099,Site Beta - North Overpass,Critical,2026-09-17 04:45:47,75.0,139.5,130.7,12,4.15,Storm,Beginner,3.2,Completed
T1841,Trenching,GRA040,OP083,Site Gamma - River Basin Basin Prep,Low,2026-09-17 05:27:47,75.0,85.8,91.2,23,4.49,Sunny,Beginner,1.3,Completed
T1842,Grading,GRA046,OP034,Site Gamma - River Basin Basin Prep,Low,2026-09-17 06:09:47,90.0,92.3,83.4,24,2.17,Sunny,Intermediate,0.6,Completed
T1843,Earth Excavation,DUM005,OP010,Site Beta - North Overpass,High,2026-09-17 06:51:47,60.0,68.0,70.0,24,2.15,Sunny,Intermediate,10.8,Completed
T1844,Hauling,DUM029,OP003,Site Beta - North Overpass,Critical,2026-09-17 07:33:47,40.0,47.0,43.6,20,3.85,Cloudy,Beginner,1.0,Completed
T1845,Trenching,COM042,OP082,Site Alpha - Sector 1 Quarry,Low,2026-09-17 08:15:47,75.0,69.1,79.6,20,1.17,Cloudy,Expert,0.7,Completed
T1846,Earth Excavation,EXC043,OP050,Site Beta - East Trenching Zone,High,2026-09-17 08:57:47,60.0,74.9,75.8,25,3.15,Rainy,Intermediate,1.8,Completed
T1847,Trenching,DOZ045,OP043,Site Gamma - River Basin Basin Prep,Critical,2026-09-17 09:39:47,75.0,69.0,68.2,26,3.14,Cloudy,Expert,4.0,Completed
T1848,Demolition,EXC001,OP066,Site Alpha - Sector 4 Foundation,Critical,2026-09-17 10:21:47,110.0,169.3,184.6,21,3.89,Storm,Intermediate,2.4,Completed
T1849,Grading,GRA028,OP052,Site Gamma - River Basin Basin Prep,Low,2026-09-17 11:03:47,90.0,119.4,126.3,14,1.75,Rainy,Intermediate,4.8,Completed
T1850,Demolition,DOZ015,OP001,Site Delta - Highway Interchange,Critical,2026-09-17 11:45:47,110.0,99.6,86.1,26,3.77,Sunny,Expert,2.7,Completed
T1851,Compaction,WHE050,OP062,Site Alpha - Sector 1 Quarry,Low,2026-09-17 12:27:47,50.0,54.2,49.8,11,4.07,Sunny,Intermediate,5.4,Completed
T1852,Demolition,DUM035,OP046,Site Beta - North Overpass,High,2026-09-17 13:09:47,110.0,122.4,126.6,14,1.01,Rainy,Expert,3.2,Completed
T1853,Compaction,WHE020,OP052,Site Alpha - Sector 4 Foundation,Low,2026-09-17 13:51:47,50.0,50.0,52.6,20,2.19,Sunny,Intermediate,3.4,Completed
T1854,Compaction,COM042,OP012,Site Alpha - Sector 1 Quarry,High,2026-09-17 14:33:47,50.0,53.5,54.9,15,1.31,Rainy,Expert,0.7,Completed
T1855,Demolition,GRA022,OP011,Site Alpha - Sector 4 Foundation,Critical,2026-09-17 15:15:47,110.0,129.7,113.6,27,3.3,Sunny,Beginner,0.8,Completed
T1856,Hauling,WHE050,OP038,Site Alpha - Sector 1 Quarry,Medium,2026-09-17 15:57:47,40.0,42.9,42.1,18,3.9,Cloudy,Intermediate,5.4,Completed
T1857,Trenching,COM036,OP006,Site Alpha - Sector 1 Quarry,Critical,2026-09-17 16:39:47,75.0,83.7,85.7,14,3.12,Rainy,Expert,4.3,Completed
T1858,Compaction,EXC013,OP039,Site Beta - East Trenching Zone,Critical,2026-09-17 17:21:47,50.0,46.1,41.3,9,3.37,Sunny,Expert,3.2,Completed
T1859,Earth Excavation,DUM041,OP089,Site Alpha - Sector 4 Foundation,High,2026-09-17 18:03:47,60.0,61.6,59.9,24,0.98,Sunny,Intermediate,3.2,Completed
T1860,Grading,COM006,OP081,Site Beta - North Overpass,Critical,2026-09-17 18:45:47,90.0,98.0,97.0,12,2.31,Sunny,Intermediate,4.5,Completed
T1861,Compaction,EXC013,OP018,Site Beta - East Trenching Zone,Low,2026-09-17 19:27:47,50.0,47.4,48.2,28,3.02,Cloudy,Expert,3.2,Completed
T1862,Trenching,WHE002,OP093,Site Alpha - Sector 1 Quarry,Medium,2026-09-17 20:09:47,75.0,90.5,91.6,12,0.48,Sunny,Beginner,1.1,Completed
T1863,Grading,EXC025,OP009,Site Beta - North Overpass,High,2026-09-17 20:51:47,90.0,122.6,115.3,24,3.83,Sunny,Beginner,9.2,Completed
T1864,Grading,DUM035,OP058,Site Beta - North Overpass,Low,2026-09-17 21:33:47,90.0,97.4,104.5,15,1.05,Cloudy,Intermediate,3.2,Completed
T1865,Earth Excavation,GRA022,OP008,Site Alpha - Sector 4 Foundation,High,2026-09-17 22:15:47,60.0,64.9,69.2,17,1.1,Rainy,Expert,0.8,Completed
T1866,Hauling,DUM047,OP006,Site Delta - Highway Interchange,Critical,2026-09-17 22:57:47,40.0,40.6,43.7,8,0.87,Sunny,Expert,10.4,Completed
T1867,Earth Excavation,WHE014,OP084,Site Alpha - Sector 1 Quarry,Critical,2026-09-17 23:39:47,60.0,76.9,81.8,12,2.01,Cloudy,Beginner,3.6,Completed
T1868,Compaction,DUM035,OP020,Site Beta - North Overpass,Medium,2026-09-18 00:21:47,50.0,44.5,44.7,22,3.61,Sunny,Expert,3.2,Completed
T1869,Earth Excavation,DOZ003,OP095,Site Alpha - Sector 4 Foundation,Medium,2026-09-18 01:03:47,60.0,69.3,74.7,18,1.92,Sunny,Beginner,2.4,Completed
T1870,Grading,COM042,OP003,Site Alpha - Sector 1 Quarry,Critical,2026-09-18 01:45:47,90.0,101.9,101.1,23,1.44,Sunny,Beginner,0.7,Completed
T1871,Demolition,DOZ003,OP032,Site Alpha - Sector 4 Foundation,Medium,2026-09-18 02:27:47,110.0,114.8,120.9,17,3.67,Cloudy,Intermediate,2.4,Completed
T1872,Earth Excavation,COM012,OP081,Site Alpha - Sector 4 Foundation,Low,2026-09-18 03:09:47,60.0,62.7,64.6,21,4.02,Cloudy,Intermediate,1.6,Completed
T1873,Material Loading,EXC007,OP059,Site Alpha - Sector 4 Foundation,Medium,2026-09-18 03:51:47,45.0,52.5,49.9,24,1.96,Sunny,Beginner,3.2,Completed
T1874,Hauling,WHE038,OP009,Site Gamma - River Basin Basin Prep,Low,2026-09-18 04:33:47,40.0,51.8,54.9,9,0.44,Cloudy,Beginner,6.6,Completed
T1875,Earth Excavation,WHE032,OP077,Site Beta - East Trenching Zone,Medium,2026-09-18 05:15:47,60.0,52.6,54.8,29,3.0,Cloudy,Expert,0.7,Completed
T1876,Earth Excavation,EXC013,OP055,Site Beta - East Trenching Zone,High,2026-09-18 05:57:47,60.0,54.6,53.7,20,4.02,Sunny,Expert,3.2,Completed
T1877,Hauling,COM048,OP087,Site Delta - Highway Interchange,Critical,2026-09-18 06:39:47,40.0,56.3,52.0,11,3.88,Rainy,Intermediate,3.9,Completed
T1878,Material Loading,WHE008,OP088,Site Alpha - Sector 1 Quarry,Medium,2026-09-18 07:21:47,45.0,60.1,61.1,16,2.03,Rainy,Intermediate,6.4,Completed
T1879,Material Loading,WHE014,OP098,Site Alpha - Sector 1 Quarry,Low,2026-09-18 08:03:47,45.0,40.0,41.4,16,3.17,Sunny,Expert,3.6,Completed
T1880,Demolition,COM012,OP043,Site Alpha - Sector 4 Foundation,Low,2026-09-18 08:45:47,110.0,100.7,111.1,10,3.51,Cloudy,Expert,1.6,Completed
T1881,Earth Excavation,COM018,OP019,Site Gamma - River Basin Basin Prep,Critical,2026-09-18 09:27:47,60.0,70.1,67.5,21,2.23,Sunny,Beginner,1.2,Completed
T1882,Trenching,DOZ045,OP048,Site Gamma - River Basin Basin Prep,Medium,2026-09-18 10:09:47,75.0,89.6,90.9,11,3.21,Cloudy,Beginner,4.0,Completed
T1883,Grading,GRA016,OP075,Site Delta - Highway Interchange,Low,2026-09-18 10:51:47,90.0,91.5,99.3,16,4.42,Sunny,Intermediate,3.2,Completed
T1884,Trenching,EXC007,OP081,Site Alpha - Sector 4 Foundation,Critical,2026-09-18 11:33:47,75.0,79.1,83.1,22,2.15,Cloudy,Intermediate,3.2,Completed
T1885,Hauling,DUM011,OP003,Site Delta - Highway Interchange,Critical,2026-09-18 12:15:47,40.0,43.8,45.0,29,2.63,Sunny,Beginner,0.6,Completed
T1886,Earth Excavation,EXC001,OP001,Site Alpha - Sector 4 Foundation,Medium,2026-09-18 12:57:47,60.0,55.3,54.4,10,4.07,Cloudy,Expert,2.4,Completed
T1887,Earth Excavation,GRA046,OP084,Site Gamma - River Basin Basin Prep,High,2026-09-18 13:39:47,60.0,86.5,87.0,17,2.95,Rainy,Beginner,0.6,Completed
T1888,Grading,DOZ045,OP099,Site Gamma - River Basin Basin Prep,Critical,2026-09-18 14:21:47,90.0,158.6,164.6,11,1.89,Storm,Beginner,4.0,Completed
T1889,Compaction,DOZ009,OP027,Site Beta - East Trenching Zone,Medium,2026-09-18 15:03:47,50.0,61.0,63.1,8,1.37,Cloudy,Beginner,2.8,Completed
T1890,Compaction,COM018,OP067,Site Gamma - River Basin Basin Prep,Critical,2026-09-18 15:45:47,50.0,47.2,51.5,24,3.2,Sunny,Intermediate,1.2,Completed
T1891,Grading,GRA016,OP023,Site Delta - Highway Interchange,Low,2026-09-18 16:27:47,90.0,135.5,152.3,18,0.64,Rainy,Beginner,3.2,Completed
T1892,Demolition,COM012,OP092,Site Alpha - Sector 4 Foundation,Critical,2026-09-18 17:09:47,110.0,134.0,131.5,20,4.45,Sunny,Beginner,1.6,Completed
T1893,Demolition,COM006,OP081,Site Beta - North Overpass,High,2026-09-18 17:51:47,110.0,120.4,129.3,11,2.0,Sunny,Intermediate,4.5,Completed
T1894,Material Loading,DOZ027,OP001,Site Gamma - River Basin Basin Prep,Medium,2026-09-18 18:33:47,45.0,39.4,42.4,10,3.17,Sunny,Expert,4.3,Completed
T1895,Trenching,WHE008,OP068,Site Alpha - Sector 1 Quarry,Low,2026-09-18 19:15:47,75.0,118.5,119.0,28,3.23,Rainy,Beginner,6.4,Completed
T1896,Demolition,COM024,OP098,Site Delta - Highway Interchange,Medium,2026-09-18 19:57:47,110.0,169.2,178.1,26,2.03,Storm,Expert,10.9,Completed
T1897,Grading,WHE050,OP081,Site Alpha - Sector 1 Quarry,Medium,2026-09-18 20:39:47,90.0,98.8,94.9,11,4.01,Cloudy,Intermediate,5.4,Completed
T1898,Material Loading,GRA004,OP025,Site Beta - North Overpass,Low,2026-09-18 21:21:47,45.0,61.4,59.6,16,2.46,Rainy,Intermediate,4.9,Completed
T1899,Hauling,GRA010,OP088,Site Beta - East Trenching Zone,Critical,2026-09-18 22:03:47,40.0,40.6,38.6,21,2.97,Sunny,Intermediate,3.4,Completed
T1900,Grading,COM012,OP021,Site Alpha - Sector 4 Foundation,Low,2026-09-18 22:45:47,90.0,104.0,98.8,24,2.05,Windy,Intermediate,1.6,Completed
T1901,Earth Excavation,COM042,OP047,Site Alpha - Sector 1 Quarry,High,2026-09-18 23:27:47,60.0,65.1,62.8,25,2.74,Windy,Intermediate,0.7,Completed
T1902,Trenching,GRA028,OP033,Site Gamma - River Basin Basin Prep,High,2026-09-19 00:09:47,75.0,99.2,101.9,22,4.35,Rainy,Intermediate,4.8,Completed
T1903,Demolition,EXC049,OP059,Site Alpha - Sector 4 Foundation,Low,2026-09-19 00:51:47,110.0,144.7,140.9,26,3.89,Sunny,Beginner,6.5,Completed
T1904,Earth Excavation,COM048,OP007,Site Delta - Highway Interchange,Medium,2026-09-19 01:33:47,60.0,74.5,76.0,11,0.82,Cloudy,Beginner,3.9,Completed
T1905,Trenching,WHE002,OP063,Site Alpha - Sector 1 Quarry,Low,2026-09-19 02:15:47,75.0,88.2,95.8,23,0.58,Sunny,Beginner,1.1,Completed
T1906,Earth Excavation,GRA016,OP093,Site Delta - Highway Interchange,Critical,2026-09-19 02:57:47,60.0,97.5,98.6,27,3.18,Rainy,Beginner,3.2,Completed
T1907,Demolition,WHE038,OP042,Site Gamma - River Basin Basin Prep,Critical,2026-09-19 03:39:47,110.0,172.5,167.2,28,2.41,Rainy,Beginner,6.6,Completed
T1908,Trenching,COM048,OP087,Site Delta - Highway Interchange,High,2026-09-19 04:21:47,75.0,75.8,76.2,29,0.59,Sunny,Intermediate,3.9,Completed
T1909,Trenching,WHE050,OP015,Site Alpha - Sector 1 Quarry,High,2026-09-19 05:03:47,75.0,86.6,83.6,22,4.04,Cloudy,Intermediate,5.4,Completed
T1910,Trenching,EXC007,OP031,Site Alpha - Sector 4 Foundation,Critical,2026-09-19 05:45:47,75.0,85.6,82.0,26,1.58,Windy,Intermediate,3.2,Completed
T1911,Hauling,EXC013,OP049,Site Beta - East Trenching Zone,Medium,2026-09-19 06:27:47,40.0,47.3,50.1,25,2.74,Cloudy,Beginner,3.2,Completed
T1912,Earth Excavation,EXC031,OP075,Site Delta - Highway Interchange,Critical,2026-09-19 07:09:47,60.0,66.2,63.3,14,1.86,Cloudy,Intermediate,2.5,Completed
T1913,Earth Excavation,GRA028,OP019,Site Gamma - River Basin Basin Prep,Medium,2026-09-19 07:51:47,60.0,76.9,77.5,21,0.58,Sunny,Beginner,4.8,Completed
T1914,Demolition,COM030,OP023,Site Beta - East Trenching Zone,Critical,2026-09-19 08:33:47,110.0,137.7,149.4,20,1.72,Cloudy,Beginner,3.2,Completed
T1915,Material Loading,DOZ009,OP059,Site Beta - East Trenching Zone,Medium,2026-09-19 09:15:47,45.0,58.7,58.3,18,2.51,Windy,Beginner,2.8,Completed
T1916,Compaction,DUM023,OP035,Site Gamma - River Basin Basin Prep,Medium,2026-09-19 09:57:47,50.0,64.5,63.4,23,0.93,Cloudy,Beginner,4.9,Completed
T1917,Material Loading,DOZ009,OP005,Site Beta - East Trenching Zone,Low,2026-09-19 10:39:47,45.0,58.6,55.8,11,3.63,Windy,Beginner,2.8,Completed
T1918,Material Loading,DOZ009,OP015,Site Beta - East Trenching Zone,Critical,2026-09-19 11:21:47,45.0,46.0,46.3,28,3.84,Sunny,Intermediate,2.8,Completed
T1919,Grading,DOZ027,OP022,Site Gamma - River Basin Basin Prep,High,2026-09-19 12:03:47,90.0,92.4,90.1,10,1.29,Windy,Expert,4.3,Completed
T1920,Trenching,EXC019,OP078,Site Gamma - River Basin Basin Prep,Medium,2026-09-19 12:45:47,75.0,97.9,100.2,15,3.76,Sunny,Beginner,4.5,Completed
T1921,Hauling,DUM041,OP079,Site Alpha - Sector 4 Foundation,Medium,2026-09-19 13:27:47,40.0,35.4,35.3,25,2.39,Cloudy,Expert,3.2,Completed
T1922,Demolition,COM036,OP030,Site Alpha - Sector 1 Quarry,Low,2026-09-19 14:09:47,110.0,125.2,131.7,17,0.72,Rainy,Expert,4.3,Completed
T1923,Grading,GRA034,OP063,Site Alpha - Sector 4 Foundation,Medium,2026-09-19 14:51:47,90.0,105.1,107.4,19,3.25,Sunny,Beginner,0.8,Completed
T1924,Demolition,EXC031,OP060,Site Delta - Highway Interchange,High,2026-09-19 15:33:47,110.0,109.3,122.0,15,3.77,Sunny,Intermediate,2.5,Completed
T1925,Earth Excavation,DUM047,OP055,Site Delta - Highway Interchange,Medium,2026-09-19 16:15:47,60.0,61.8,68.6,22,1.97,Sunny,Expert,10.4,Completed
T1926,Trenching,DOZ021,OP056,Site Gamma - River Basin Basin Prep,Medium,2026-09-19 16:57:47,75.0,74.0,76.9,17,1.96,Sunny,Intermediate,1.4,Completed
T1927,Demolition,GRA010,OP074,Site Beta - East Trenching Zone,Low,2026-09-19 17:39:47,110.0,121.1,113.7,28,2.9,Windy,Intermediate,3.4,Completed
T1928,Grading,DOZ003,OP006,Site Alpha - Sector 4 Foundation,Critical,2026-09-19 18:21:47,90.0,100.8,100.8,28,4.06,Rainy,Expert,2.4,Completed
T1929,Compaction,WHE050,OP065,Site Alpha - Sector 1 Quarry,Low,2026-09-19 19:03:47,50.0,64.3,63.8,24,3.22,Cloudy,Beginner,5.4,Completed
T1930,Grading,GRA034,OP051,Site Alpha - Sector 4 Foundation,Critical,2026-09-19 19:45:47,90.0,135.9,116.9,25,2.11,Rainy,Beginner,0.8,Completed
T1931,Hauling,DOZ045,OP013,Site Gamma - River Basin Basin Prep,Critical,2026-09-19 20:27:47,40.0,36.5,32.6,9,1.37,Sunny,Expert,4.0,Completed
T1932,Grading,GRA016,OP011,Site Delta - Highway Interchange,Low,2026-09-19 21:09:47,90.0,142.8,130.5,13,0.64,Rainy,Beginner,3.2,Completed
T1933,Compaction,DUM047,OP053,Site Delta - Highway Interchange,Medium,2026-09-19 21:51:47,50.0,68.7,67.7,12,2.74,Cloudy,Beginner,10.4,Completed
T1934,Trenching,DUM023,OP038,Site Gamma - River Basin Basin Prep,Medium,2026-09-19 22:33:47,75.0,83.5,82.6,27,1.14,Cloudy,Intermediate,4.9,Completed
T1935,Compaction,COM006,OP003,Site Beta - North Overpass,Critical,2026-09-19 23:15:47,50.0,63.5,60.7,14,0.84,Cloudy,Beginner,4.5,Completed
T1936,Compaction,WHE020,OP021,Site Alpha - Sector 4 Foundation,Critical,2026-09-19 23:57:47,50.0,50.7,57.7,11,4.49,Cloudy,Intermediate,3.4,Completed
T1937,Hauling,EXC037,OP096,Site Beta - North Overpass,Low,2026-09-20 00:39:47,40.0,49.7,42.2,24,2.6,Rainy,Expert,6.0,Completed
T1938,Grading,COM030,OP099,Site Beta - East Trenching Zone,Medium,2026-09-20 01:21:47,90.0,104.9,103.0,9,3.25,Sunny,Beginner,3.2,Completed
T1939,Hauling,GRA046,OP052,Site Gamma - River Basin Basin Prep,Medium,2026-09-20 02:03:47,40.0,38.3,40.0,10,0.65,Sunny,Intermediate,0.6,Completed
T1940,Hauling,COM024,OP081,Site Delta - Highway Interchange,Critical,2026-09-20 02:45:47,40.0,49.7,46.0,8,0.83,Cloudy,Intermediate,10.9,Completed
T1941,Compaction,DUM041,OP001,Site Alpha - Sector 4 Foundation,Low,2026-09-20 03:27:47,50.0,46.1,43.3,28,4.11,Sunny,Expert,3.2,Completed
T1942,Grading,DOZ045,OP043,Site Gamma - River Basin Basin Prep,Low,2026-09-20 04:09:47,90.0,98.5,100.3,20,1.6,Rainy,Expert,4.0,Completed
T1943,Material Loading,GRA028,OP097,Site Gamma - River Basin Basin Prep,High,2026-09-20 04:51:47,45.0,48.2,48.3,26,4.48,Sunny,Intermediate,4.8,Completed
T1944,Compaction,GRA040,OP070,Site Gamma - River Basin Basin Prep,Medium,2026-09-20 05:33:47,50.0,58.3,60.5,11,3.49,Sunny,Beginner,1.3,Completed
T1945,Hauling,WHE044,OP011,Site Alpha - Sector 4 Foundation,High,2026-09-20 06:15:47,40.0,60.5,59.0,29,3.84,Rainy,Beginner,1.2,Completed
T1946,Compaction,GRA004,OP066,Site Beta - North Overpass,High,2026-09-20 06:57:47,50.0,56.4,56.0,29,3.75,Cloudy,Intermediate,4.9,Completed
T1947,Earth Excavation,WHE008,OP050,Site Alpha - Sector 1 Quarry,High,2026-09-20 07:39:47,60.0,64.1,63.9,10,1.45,Sunny,Intermediate,6.4,Completed
T1948,Grading,GRA040,OP006,Site Gamma - River Basin Basin Prep,High,2026-09-20 08:21:47,90.0,75.5,76.3,15,3.96,Sunny,Expert,1.3,Completed
T1949,Material Loading,COM012,OP083,Site Alpha - Sector 4 Foundation,Low,2026-09-20 09:03:47,45.0,54.1,55.7,20,2.7,Sunny,Beginner,1.6,Completed
T1950,Demolition,GRA046,OP100,Site Gamma - River Basin Basin Prep,Medium,2026-09-20 09:45:47,110.0,138.7,118.3,19,3.97,Cloudy,Beginner,0.6,Completed
T1951,Trenching,GRA022,OP031,Site Alpha - Sector 4 Foundation,Low,2026-09-20 10:27:47,75.0,78.2,81.7,20,3.87,Cloudy,Intermediate,0.8,Completed
T1952,Compaction,EXC031,OP095,Site Delta - Highway Interchange,Medium,2026-09-20 11:09:47,50.0,59.1,61.5,8,3.98,Cloudy,Beginner,2.5,Completed
T1953,Hauling,COM048,OP098,Site Delta - Highway Interchange,Medium,2026-09-20 11:51:47,40.0,35.4,34.2,11,3.6,Sunny,Expert,3.9,Completed
T1954,Material Loading,DUM023,OP035,Site Gamma - River Basin Basin Prep,Critical,2026-09-20 12:33:47,45.0,58.5,54.0,11,2.77,Cloudy,Beginner,4.9,Completed
T1955,Material Loading,GRA004,OP009,Site Beta - North Overpass,High,2026-09-20 13:15:47,45.0,61.0,60.1,10,0.83,Windy,Beginner,4.9,Completed
T1956,Material Loading,DUM029,OP063,Site Beta - North Overpass,Low,2026-09-20 13:57:47,45.0,50.9,55.7,9,1.31,Sunny,Beginner,1.0,Completed
T1957,Grading,GRA046,OP069,Site Gamma - River Basin Basin Prep,High,2026-09-20 14:39:47,90.0,91.6,95.6,23,2.16,Cloudy,Intermediate,0.6,Completed
T1958,Grading,GRA040,OP048,Site Gamma - River Basin Basin Prep,Low,2026-09-20 15:21:47,90.0,104.0,107.8,20,1.59,Sunny,Beginner,1.3,Completed
T1959,Trenching,COM030,OP012,Site Beta - East Trenching Zone,Low,2026-09-20 16:03:47,75.0,70.4,66.6,14,1.22,Sunny,Expert,3.2,Completed
T1960,Grading,COM012,OP037,Site Alpha - Sector 4 Foundation,Low,2026-09-20 16:45:47,90.0,154.8,160.8,17,2.59,Storm,Beginner,1.6,Completed
T1961,Earth Excavation,DUM011,OP036,Site Delta - Highway Interchange,Low,2026-09-20 17:27:47,60.0,74.1,77.0,25,1.47,Windy,Beginner,0.6,Completed
T1962,Compaction,GRA010,OP064,Site Beta - East Trenching Zone,Medium,2026-09-20 18:09:47,50.0,59.9,62.7,22,3.15,Sunny,Beginner,3.4,Completed
T1963,Hauling,WHE014,OP067,Site Alpha - Sector 1 Quarry,Low,2026-09-20 18:51:47,40.0,50.7,52.6,27,2.71,Rainy,Intermediate,3.6,Completed
T1964,Material Loading,DOZ027,OP088,Site Gamma - River Basin Basin Prep,Medium,2026-09-20 19:33:47,45.0,47.5,50.0,13,1.52,Sunny,Intermediate,4.3,Completed
T1965,Grading,DUM023,OP054,Site Gamma - River Basin Basin Prep,Critical,2026-09-20 20:15:47,90.0,123.9,123.7,20,2.8,Windy,Beginner,4.9,Completed
T1966,Compaction,COM042,OP003,Site Alpha - Sector 1 Quarry,High,2026-09-20 20:57:47,50.0,66.8,62.0,9,3.28,Windy,Beginner,0.7,Completed
T1967,Trenching,DUM005,OP003,Site Beta - North Overpass,Medium,2026-09-20 21:39:47,75.0,106.1,103.7,15,0.54,Cloudy,Beginner,10.8,Completed
T1968,Hauling,GRA034,OP083,Site Alpha - Sector 4 Foundation,High,2026-09-20 22:21:47,40.0,57.3,59.8,24,0.97,Rainy,Beginner,0.8,Completed
T1969,Grading,WHE038,OP044,Site Gamma - River Basin Basin Prep,High,2026-09-20 23:03:47,90.0,86.9,83.0,11,0.4,Sunny,Expert,6.6,Completed
T1970,Grading,WHE038,OP086,Site Gamma - River Basin Basin Prep,Critical,2026-09-20 23:45:47,90.0,102.7,104.6,11,2.21,Sunny,Intermediate,6.6,Completed
T1971,Grading,WHE020,OP073,Site Alpha - Sector 4 Foundation,Medium,2026-09-21 00:27:47,90.0,81.2,70.9,10,0.91,Sunny,Expert,3.4,Completed
T1972,Hauling,WHE020,OP022,Site Alpha - Sector 4 Foundation,High,2026-09-21 01:09:47,40.0,36.4,38.9,10,2.37,Sunny,Expert,3.4,Completed
T1973,Trenching,EXC031,OP048,Site Delta - Highway Interchange,High,2026-09-21 01:51:47,75.0,97.8,88.5,18,4.4,Cloudy,Beginner,2.5,Completed
T1974,Hauling,GRA004,OP019,Site Beta - North Overpass,High,2026-09-21 02:33:47,40.0,56.2,52.0,26,4.48,Windy,Beginner,4.9,Completed
T1975,Material Loading,COM030,OP022,Site Beta - East Trenching Zone,Medium,2026-09-21 03:15:47,45.0,41.0,37.3,21,4.2,Sunny,Expert,3.2,Completed
T1976,Compaction,DUM035,OP037,Site Beta - North Overpass,Medium,2026-09-21 03:57:47,50.0,75.5,79.5,25,4.46,Rainy,Beginner,3.2,Completed
T1977,Trenching,GRA046,OP089,Site Gamma - River Basin Basin Prep,Medium,2026-09-21 04:39:47,75.0,91.5,92.4,28,0.8,Rainy,Intermediate,0.6,Completed
T1978,Trenching,GRA016,OP015,Site Delta - Highway Interchange,Low,2026-09-21 05:21:47,75.0,78.8,79.2,10,3.45,Sunny,Intermediate,3.2,Completed
T1979,Material Loading,EXC037,OP017,Site Beta - North Overpass,Critical,2026-09-21 06:03:47,45.0,57.4,63.5,23,3.56,Sunny,Beginner,6.0,Completed
T1980,Material Loading,COM024,OP024,Site Delta - Highway Interchange,Medium,2026-09-21 06:45:47,45.0,57.5,56.7,29,1.54,Rainy,Expert,10.9,Completed
T1981,Demolition,GRA046,OP005,Site Gamma - River Basin Basin Prep,High,2026-09-21 07:27:47,110.0,135.5,129.0,27,3.79,Windy,Beginner,0.6,Completed
T1982,Material Loading,GRA010,OP048,Site Beta - East Trenching Zone,Critical,2026-09-21 08:09:47,45.0,58.3,55.2,28,1.04,Cloudy,Beginner,3.4,Completed
T1983,Demolition,DUM011,OP069,Site Delta - Highway Interchange,High,2026-09-21 08:51:47,110.0,106.6,106.4,9,0.59,Sunny,Intermediate,0.6,Completed
T1984,Earth Excavation,WHE002,OP052,Site Alpha - Sector 1 Quarry,Critical,2026-09-21 09:33:47,60.0,59.8,64.5,28,2.26,Cloudy,Intermediate,1.1,Completed
T1985,Hauling,GRA010,OP059,Site Beta - East Trenching Zone,High,2026-09-21 10:15:47,40.0,47.8,51.5,9,3.98,Sunny,Beginner,3.4,Completed
T001,Earth Excavation,EXC001,OP001,Site Alpha - Sector 4 Foundation,High,2026-09-23 08:00:00,60.0,54.0,,18,1.2,Sunny,Expert,2.4,In Progress
T1987,Compaction,GRA046,OP038,Site Gamma - River Basin Basin Prep,Critical,2026-09-21 11:39:47,50.0,50.6,,15,0.82,Sunny,Intermediate,0.6,Scheduled
T1988,Material Loading,EXC049,OP074,Site Alpha - Sector 4 Foundation,Medium,2026-09-21 12:21:47,45.0,48.7,,13,3.37,Sunny,Intermediate,6.5,Scheduled
T1989,Hauling,EXC037,OP094,Site Beta - North Overpass,Critical,2026-09-21 13:03:47,40.0,44.0,,18,1.04,Sunny,Intermediate,6.0,Scheduled
T1990,Material Loading,DOZ045,OP015,Site Gamma - River Basin Basin Prep,Critical,2026-09-21 13:45:47,45.0,61.0,,29,4.06,Rainy,Intermediate,4.0,Scheduled
T1991,Earth Excavation,DOZ009,OP087,Site Beta - East Trenching Zone,Low,2026-09-21 14:27:47,60.0,60.5,,15,4.2,Sunny,Intermediate,2.8,Scheduled
T1992,Material Loading,WHE002,OP052,Site Alpha - Sector 1 Quarry,Medium,2026-09-21 15:09:47,45.0,43.7,,26,0.87,Sunny,Intermediate,1.1,Scheduled
T1993,Grading,DUM023,OP012,Site Gamma - River Basin Basin Prep,High,2026-09-21 15:51:47,90.0,84.4,,16,0.7,Sunny,Expert,4.9,Scheduled
T1994,Earth Excavation,DOZ039,OP083,Site Alpha - Sector 1 Quarry,Medium,2026-09-21 16:33:47,60.0,71.2,,15,3.29,Sunny,Beginner,1.5,Scheduled
T1995,Demolition,GRA034,OP029,Site Alpha - Sector 4 Foundation,High,2026-09-21 17:15:47,110.0,98.9,,13,0.65,Sunny,Expert,0.8,Scheduled
T1996,Trenching,WHE002,OP011,Site Alpha - Sector 1 Quarry,Critical,2026-09-21 17:57:47,75.0,86.4,,10,1.44,Sunny,Beginner,1.1,Scheduled
T1997,Compaction,EXC043,OP012,Site Beta - East Trenching Zone,Critical,2026-09-21 18:39:47,50.0,51.4,,9,1.21,Windy,Expert,1.8,Scheduled
T1998,Trenching,WHE032,OP041,Site Beta - East Trenching Zone,Low,2026-09-21 19:21:47,75.0,69.2,,21,3.38,Windy,Expert,0.7,Scheduled
T1999,Compaction,COM024,OP051,Site Delta - Highway Interchange,Medium,2026-09-21 20:03:47,50.0,100.4,,17,1.06,Storm,Beginner,10.9,Scheduled
T2000,Compaction,GRA028,OP048,Site Gamma - River Basin Basin Prep,Critical,2026-09-21 20:45:47,50.0,65.2,,17,3.38,Cloudy,Beginner,4.8,Scheduled
